ID;HTS;TAMHOGAR;INGFAM;SEXO;AUTLIC;HORA;ORIGEN;DESTINO;JEFEHOGAR;NUMAUTO;NUMEST;NUMTRAB;LICTOT;CANTALT;ELECCION;TV1;TV2;TV3;TV4;TV5;TV6;TV7;TV8;TV9;TV6A;TV6M;TV7A;TV7M;TV8T;TV8M;TV9B;TV9M;TC1;TC2;TC3;TC4;TC5;TC6;TC7;TC8;TC9;TE3;TE4;TE5;TE6;TE7;TE8;TE9;CT1;CT2;CT3;CT4;CT5;CT6;CT7;CT8;CT9;DISP1;DISP2;DISP3;DISP4;DISP5;DISP6;DISP7;DISP8;DISP9
1;44;4;28.00;1;0.00;755;303;513;1;0;2;1;1;2;5;0;0.00;6.08;0.00;8.68;0.00;0.00;0.00;0.00;0.00;0.00;0.00;0.00;0.00;0.00;0.00;0.00;0.00;0.00;6.97;0.00;6.97;0.00;0.00;0.00;0.00;2.30;0.00;0.20;0.00;0.00;0.00;0.00;0.00;0.00;2.72;0.00;1.36;0.00;0.00;0.00;0.00;0;0;1;0;1;0;0;0;0
2;44;5;150.00;0;0.33;810;311;27;0;1;3;2;3;5;4;12.40;12.40;10.68;11.70;23.32;0.00;0.00;0.00;0.00;0.00;0.00;0.00;0.00;0.00;0.00;0.00;0.00;3.60;3.60;5.77;6.00;5.77;0.00;0.00;0.00;0.00;0.40;1.30;0.50;0.00;0.00;0.00;0.00;2.89;0.44;2.04;0.44;0.68;0.00;0.00;0.00;0.00;1;1;1;1;1;0;0;0;0
3;44;6;80.00;1;0.00;755;502;113;0;0;3;2;0;2;4;0;0.00;0.00;11.40;13.92;0.00;0.00;0.00;0.00;0.00;0.00;0.00;0.00;0.00;0.00;0.00;0.00;0.00;0.00;0.00;16.20;14.77;0.00;0.00;0.00;0.00;0.00;3.20;0.20;0.00;0.00;0.00;0.00;0.00;0.00;0.00;0.85;1.36;0.00;0.00;0.00;0.00;0;0;0;1;1;0;0;0;0
4;44;3;65.00;1;0.50;810;707;27;1;1;0;1;2;5;4;8.78;8.78;8.00;6.60;18.03;0.00;0.00;0.00;0.00;0.00;0.00;0.00;0.00;0.00;0.00;0.00;0.00;2.40;2.40;3.83;6.00;3.83;0.00;0.00;0.00;0.00;0.30;1.30;0.10;0.00;0.00;0.00;0.00;2.21;0.24;2.04;0.44;0.68;0.00;0.00;0.00;0.00;1;1;1;1;1;0;0;0;0
5;44;7;150.00;1;0.50;800;712;27;1;2;3;2;4;5;4;14.62;14.62;11.77;12.80;25.65;0.00;0.00;0.00;0.00;0.00;0.00;0.00;0.00;0.00;0.00;0.00;0.00;3.60;3.60;7.80;14.77;7.80;0.00;0.00;0.00;0.00;0.40;1.30;0.50;0.00;0.00;0.00;0.00;2.72;0.51;2.04;0.44;0.68;0.00;0.00;0.00;0.00;1;1;1;1;1;0;0;0;0
6;46;7;33.00;1;0.00;800;311;511;1;0;4;1;0;4;5;0;0.00;9.32;0.00;14.07;0.00;0.00;9.28;9.68;0.00;0.00;0.00;0.00;2.88;6.40;3.28;6.40;0.00;0.00;13.43;0.00;11.88;0.00;0.00;6.72;6.72;2.30;0.00;0.20;0.00;0.00;5.50;5.90;0.00;0.00;2.72;0.00;1.36;0.00;0.00;2.21;2.21;0;0;1;0;1;0;0;1;1
7;44;3;100.00;0;0.50;740;522;702;0;1;1;2;2;8;2;21.20;21.20;21.23;0.00;36.28;19.15;28.70;22.13;26.87;6.35;12.80;15.90;12.80;9.33;12.80;14.07;12.80;3.60;3.60;3.83;0.00;3.83;3.60;3.60;5.28;5.28;0.50;0.00;1.60;1.30;1.30;1.80;2.60;3.71;0.99;2.04;0.00;0.34;1.33;0.48;1.29;1.05;1;1;1;0;1;1;1;1;1
8;42;6;60.00;0;0.50;755;501;117;1;1;2;2;2;4;4;13.17;13.17;0.00;10.60;13.27;0.00;0.00;0.00;0.00;0.00;0.00;0.00;0.00;0.00;0.00;0.00;0.00;2.40;2.40;0.00;12.00;10.80;0.00;0.00;0.00;0.00;0.00;3.20;0.30;0.00;0.00;0.00;0.00;3.54;1.26;0.00;0.85;1.36;0.00;0.00;0.00;0.00;1;1;0;1;1;0;0;0;0
9;40;3;25.00;1;0.00;800;214;511;1;0;0;2;0;3;5;0.00;0.00;2.97;0.00;4.17;0.00;0.00;0.00;7.98;0.00;0.00;0.00;0.00;0.00;0.00;5.08;2.90;0.00;0.00;15.72;0.00;15.72;0.00;0.00;0.00;6.37;2.30;0.00;0.20;0.00;0.00;0.00;3.70;0.00;0.00;2.72;0.00;1.36;0.00;0.00;0.00;2.21;0;0;1;0;1;0;0;0;1
10;48;4;70.00;1;0.50;745;318;702;1;1;2;2;2;8;8;15.53;15.53;17.87;0.00;37.33;18.47;18.93;18.30;21.80;5.67;12.80;6.13;12.80;5.50;12.80;9.00;12.80;3.60;3.60;8.77;0.00;8.77;3.60;3.60;10.20;10.20;0.60;0.00;0.50;1.30;1.30;1.90;1.80;3.16;0.41;2.04;0.00;0.68;1.43;0.44;1.46;1.12;1;1;1;0;1;1;1;1;1
11;44;4;120.00;1;0.66;800;113;702;1;2;2;1;3;6;1;12.93;12.93;14.12;0.00;0.00;13.43;17.17;10.50;0.00;9.53;3.90;13.27;3.90;6.60;3.90;0.00;0.00;3.60;3.60;4.20;0.00;0.00;3.60;3.60;6.00;0.00;0.60;0.00;0.00;1.30;1.30;1.90;0.00;4.66;0.65;2.04;0.00;0.00;1.29;0.48;1.46;0.00;1;1;1;0;0;1;1;1;0
12;40;6;35.00;1;0.00;800;305;511;1;0;3;1;0;3;5;0.00;0.00;5.60;0.00;8.17;0.00;0.00;0.00;7.40;0.00;0.00;0.00;0.00;0.00;0.00;3.30;4.10;0.00;0.00;14.28;0.00;14.28;0.00;0.00;0.00;10.43;2.30;0.00;0.20;0.00;0.00;0.00;8.00;0.00;0.00;2.72;0.00;1.36;0.00;0.00;0.00;2.21;0;0;1;0;1;0;0;0;1
13;44;3;90.00;1;0.50;745;522;702;1;1;1;1;2;8;8;23.47;23.47;21.98;0.00;39.73;19.18;29.03;22.47;27.33;6.38;12.80;16.23;12.80;9.67;12.80;14.53;12.80;3.60;3.60;1.68;0.00;1.68;3.60;3.60;3.12;3.12;0.50;0.00;1.60;1.30;1.30;1.80;2.60;3.94;0.61;2.04;0.00;0.68;1.67;0.48;1.46;0.95;1;1;1;0;1;1;1;1;1
14;48;6;100.00;1;0.50;750;516;702;1;1;3;1;2;7;9;23.20;23.20;17.63;0.00;32.23;18.93;0.00;18.70;24.10;6.13;12.80;0.00;0.00;5.90;12.80;11.30;12.80;3.60;3.60;5.52;0.00;5.52;3.60;0.00;6.97;4.20;0.50;0.00;1.60;1.30;0.00;1.80;2.30;4.76;0.68;2.04;0.00;0.68;1.70;0.00;1.46;1.12;1;1;1;0;1;1;0;1;1
15;44;4;55.00;1;1.00;805;507;116;1;1;0;2;1;4;4;3.67;0.00;4.37;4.10;6.65;0.00;0.00;0.00;0.00;0.00;0.00;0.00;0.00;0.00;0.00;0.00;0.00;3.37;0.00;4.57;8.03;4.57;0.00;0.00;0.00;0.00;0.40;3.20;1.00;0.00;0.00;0.00;0.00;1.77;0.00;2.72;0.85;1.36;0.00;0.00;0.00;0.00;1;0;1;1;1;0;0;0;0
16;44;6;85.00;0;0.50;805;315;702;0;1;3;2;2;6;9;0.00;15.48;13.98;0.00;31.70;0.00;21.70;14.80;17.70;0.00;0.00;8.90;12.80;2.00;12.80;4.90;12.80;0.00;3.60;6.00;0.00;6.00;0.00;2.63;7.43;7.43;0.40;0.00;0.50;0.00;1.30;1.70;1.50;0.00;0.65;2.04;0.00;0.68;0.00;0.44;2.48;1.12;0;1;1;0;1;0;1;1;1
17;50;3;84.00;1;0.00;745;502;110;1;0;2;1;0;2;4;0.00;0.00;0.00;10.30;12.73;0.00;0.00;0.00;0.00;0.00;0.00;0.00;0.00;0.00;0.00;0.00;0.00;0.00;0.00;0.00;5.03;2.63;0.00;0.00;0.00;0.00;0.00;3.20;0.20;0.00;0.00;0.00;0.00;0.00;0.00;0.00;0.85;1.36;0.00;0.00;0.00;0.00;0;0;0;1;1;0;0;0;0
18;44;4;48.00;1;0.50;810;406;702;1;1;2;1;2;7;9;9.52;9.52;11.60;0.00;18.83;12.22;17.13;0.00;15.72;4.32;7.90;9.23;7.90;0.00;0.00;7.82;7.90;2.40;2.40;5.40;0.00;1.80;3.60;3.60;0.00;3.23;0.80;0.00;0.90;1.30;1.30;0.00;1.80;3.40;0.34;2.04;0.00;0.68;1.29;0.44;0.00;1.12;1;1;1;0;1;1;1;0;1
19;44;3;95.00;1;0.50;800;106;702;1;1;1;1;2;8;1;9.42;9.42;13.58;0.00;24.48;14.17;28.97;12.53;14.47;4.97;9.20;19.77;9.20;4.63;7.90;6.57;7.90;0.00;0.00;2.40;0.00;2.40;3.60;3.60;3.83;3.83;0.60;0.00;0.80;1.30;1.30;1.90;1.80;1.02;0.51;2.04;0.00;0.68;1.39;0.44;1.29;1.12;1;1;1;0;1;1;1;1;1
20;48;8;180.00;0;0.66;730;414;512;0;2;1;3;3;7;5;18.12;18.23;0.00;0.00;22.13;17.87;29.57;17.03;19.00;5.17;12.70;16.87;12.70;4.33;12.70;6.30;12.70;2.40;0.00;0.00;0.00;3.97;8.63;8.63;10.20;10.20;0.00;0.00;0.70;3.20;3.20;3.60;3.50;5.00;2.04;0.00;0.00;1.36;2.38;0.88;2.21;2.21;1;1;0;0;1;1;1;1;1
21;40;5;120.00;1;0.50;800;402;512;1;1;2;2;2;7;8;15.13;15.13;0.00;0.00;18.68;14.62;19.20;15.40;16.40;4.32;10.30;8.90;10.30;6.10;9.30;6.10;10.30;5.40;0.00;0.00;0.00;5.28;4.32;3.12;6.72;6.72;0.00;0.00;2.00;3.20;3.20;3.60;4.00;4.39;1.67;0.00;0.00;1.36;2.58;0.88;2.04;2.21;1;1;0;0;1;1;1;1;1
22;44;6;60.00;1;0.66;745;114;700;1;2;2;2;3;8;9;14.07;14.07;19.28;0.00;32.78;20.52;29.77;16.40;20.50;5.42;15.10;14.67;15.10;6.20;10.20;10.30;10.20;11.77;11.77;8.28;0.00;8.28;7.92;7.92;8.52;8.52;0.60;0.00;1.60;1.30;1.30;1.90;2.00;2.31;0.31;2.04;0.00;0.68;1.26;0.44;1.63;1.12;1;1;1;0;1;1;1;1;1
23;52;6;45.00;1;0.00;755;507;512;1;0;3;2;1;3;4;0.00;0.00;9.98;4.90;8.70;0.00;0.00;0.00;0.00;0.00;0.00;0.00;0.00;0.00;0.00;0.00;0.00;0.00;0.00;7.68;14.17;13.92;0.00;0.00;0.00;0.00;0.40;3.20;0.70;0.00;0.00;0.00;0.00;0.00;0.00;2.72;0.85;1.36;0.00;0.00;0.00;0.00;0;0;1;1;1;0;0;0;0
24;45;6;200.00;0;0.66;800;127;701;0;2;3;3;3;3;2;0.00;12.97;22.63;0.00;0.00;0.00;22.28;0.00;0.00;0.00;0.00;8.28;14.00;0.00;0.00;0.00;0.00;0.00;9.00;14.52;0.00;0.00;0.00;7.20;0.00;0.00;0.60;0.00;0.00;0.00;1.30;0.00;0.00;0.00;0.61;2.04;0.00;0.00;0.00;0.44;0.00;0.00;0;1;1;0;0;0;1;0;0
25;45;4;80.00;1;0.50;810;409;701;0;2;2;2;4;7;7;15.57;15.57;19.22;0.00;28.88;15.27;18.98;0.00;16.80;4.87;10.40;8.58;10.40;0.00;0.00;2.80;14.00;11.77;11.77;7.80;0.00;7.80;7.20;7.20;0.00;9.23;0.80;0.00;0.90;1.30;1.30;0.00;1.70;2.96;0.65;1.36;0.00;0.68;1.53;0.48;0.00;1.19;1;1;1;0;1;1;1;0;1
26;45;4;100.00;0;0.66;800;315;701;0;2;1;2;3;8;6;15.22;15.22;16.87;0.00;35.93;16.12;21.85;16.00;18.90;4.42;11.70;10.15;11.70;2.00;14.00;4.90;14.00;11.77;11.77;11.22;0.00;11.22;7.20;7.20;10.73;10.73;0.40;0.00;0.70;1.30;1.30;1.70;1.50;2.89;0.61;2.04;0.00;0.68;1.50;0.44;2.48;1.12;1;1;1;0;1;1;1;1;1
27;50;4;40.00;1;0.00;750;315;513;1;0;1;1;0;4;5;0.00;0.00;13.88;0.00;19.98;0.00;0.00;13.48;12.58;0.00;0.00;0.00;0.00;3.28;10.20;3.58;9.00;0.00;0.00;5.40;0.00;5.40;0.00;0.00;9.83;9.83;2.30;0.00;0.20;0.00;0.00;5.50;5.00;0.00;0.00;2.72;0.00;1.36;0.00;0.00;2.21;2.21;0;0;1;0;1;0;0;1;1
28;44;6;200.00;1;0.75;750;114;701;1;3;3;2;4;7;6;0.00;12.93;18.27;0.00;31.47;17.98;19.03;17.40;17.70;3.98;14.00;5.03;14.00;3.40;14.00;9.90;7.80;0.00;11.77;7.57;0.00;7.57;7.20;7.20;7.08;7.08;0.60;0.00;1.60;1.30;1.30;1.90;2.00;0.00;0.58;2.04;0.00;0.34;1.43;0.44;1.63;1.12;0;1;1;0;1;1;1;1;1
29;44;5;120.00;1;0.66;750;513;701;1;2;3;1;3;8;6;22.87;22.87;17.53;0.00;32.88;18.62;23.63;18.52;23.12;8.22;10.40;13.23;10.40;4.52;14.00;19.52;3.60;3.37;3.37;2.17;0.00;2.17;2.17;2.17;2.17;2.17;0.50;0.00;1.60;1.30;1.30;1.80;2.50;2.89;0.58;2.04;0.00;0.68;2.72;0.48;1.46;1.12;1;1;1;0;1;1;1;1;1
30;44;5;65.00;1;0.50;800;330;701;1;1;3;1;2;7;9;0.00;12.02;17.17;0.00;28.67;13.15;25.28;11.92;12.68;2.75;10.40;14.88;10.40;1.52;10.40;2.28;10.40;0.00;11.77;11.52;0.00;8.52;7.20;7.20;8.03;8.03;0.80;0.00;0.60;1.30;1.30;2.08;1.90;0.00;0.48;1.70;0.00;0.68;2.18;0.44;1.46;1.12;0;1;1;0;1;1;1;1;1
31;44;5;35.00;0;0.00;740;314;511;1;0;2;1;0;3;5;0.00;0.00;0.00;0.00;12.47;0.00;0.00;9.30;9.85;0.00;0.00;0.00;0.00;2.00;7.30;2.55;7.30;0.00;0.00;0.00;0.00;4.43;0.00;0.00;6.72;5.88;0.00;0.00;0.20;0.00;0.00;3.70;3.30;0.00;0.00;0.00;0.00;1.36;0.00;0.00;2.21;2.21;0;0;0;0;1;0;0;1;1
32;44;4;45.00;1;0.50;800;708;701;1;1;2;1;2;5;4;10.50;10.50;9.85;9.10;21.42;0.00;0.00;0.00;0.00;0.00;0.00;0.00;0.00;0.00;0.00;0.00;0.00;4.20;4.20;6.37;10.92;2.03;0.00;0.00;0.00;0.00;0.30;1.30;0.20;0.00;0.00;0.00;0.00;3.43;0.37;2.04;0.44;0.68;0.00;0.00;0.00;0.00;1;1;1;1;1;0;0;0;0
33;48;4;70.00;1;1.00;815;311;511;0;3;0;2;3;7;1;9.05;9.33;0.00;0.00;20.65;9.13;16.70;9.73;10.32;2.73;6.40;10.30;6.40;3.33;6.40;3.92;6.40;4.20;0.00;0.00;0.00;9.83;5.52;4.32;5.52;5.52;0.00;0.00;6.00;3.20;3.20;3.80;5.90;2.79;0.92;0.00;0.00;1.36;1.94;0.88;2.21;2.21;1;1;0;0;1;1;1;1;1
34;48;5;70.00;1;1.00;730;409;701;1;1;3;1;1;7;7;16.35;16.35;0.00;0.00;25.77;16.83;25.37;15.83;17.62;11.73;5.10;20.27;5.10;1.83;14.00;3.62;14.00;6.97;6.97;0.00;0.00;8.28;2.17;2.17;4.20;4.20;0.00;0.00;0.90;1.30;1.30;2.30;1.70;3.67;0.48;0.00;0.00;0.68;1.05;0.48;1.12;1.12;1;1;0;0;1;1;1;1;1
35;40;2;52.00;0;0.00;720;411;512;0;0;0;2;0;3;5;0.00;0.00;0.00;0.00;16.42;0.00;0.00;15.97;16.68;0.00;0.00;0.00;0.00;3.27;12.70;3.98;12.70;0.00;0.00;0.00;0.00;11.88;0.00;0.00;7.80;7.80;0.00;0.00;0.50;0.00;0.00;5.50;3.40;0.00;0.00;0.00;0.00;1.36;0.00;0.00;2.21;2.21;0;0;0;0;1;0;0;1;1
36;44;5;85.00;1;0.66;750;118;701;1;2;3;1;3;8;9;13.68;13.68;18.32;0.00;32.17;18.75;30.17;18.73;20.85;4.75;14.00;16.17;14.00;4.73;14.00;11.75;9.10;4.32;4.32;4.20;0.00;4.20;2.17;2.17;4.20;4.20;0.60;0.00;1.60;1.30;1.30;1.90;2.00;2.82;0.54;2.04;0.00;0.68;1.36;0.44;1.80;1.12;1;1;1;0;1;1;1;1;1
37;44;4;110.00;0;0.50;750;119;701;0;1;2;2;2;8;5;14.28;14.28;19.45;0.00;34.07;19.00;29.23;19.53;22.47;5.00;14.00;15.23;14.00;5.53;14.00;13.37;9.10;4.32;4.32;1.57;0.00;1.57;2.17;2.17;1.57;1.57;0.60;0.00;1.60;1.30;1.30;1.90;2.00;2.96;0.65;2.04;0.00;0.68;1.46;0.44;1.80;1.12;1;1;1;0;1;1;1;1;1
38;48;5;120.00;1;0.66;745;413;701;1;2;3;1;3;8;6;17.37;17.37;23.50;0.00;33.85;17.92;19.45;19.70;23.80;6.22;11.70;7.75;11.70;5.70;14.00;9.80;14.00;4.32;4.32;2.40;0.00;2.40;2.17;2.17;2.40;2.40;0.80;0.00;1.80;1.30;1.30;2.08;2.00;3.16;0.75;1.70;0.00;0.68;2.89;0.51;1.50;1.09;1;1;1;0;1;1;1;1;1
39;45;2;25.00;0;0.00;730;417;513;1;0;0;1;0;3;5;0.00;0.00;0.00;0.00;38.40;0.00;0.00;18.90;25.50;0.00;0.00;0.00;0.00;5.30;13.60;11.90;13.60;0.00;0.00;0.00;0.00;3.72;0.00;0.00;9.48;9.48;0.00;0.00;2.00;0.00;0.00;4.50;6.10;0.00;0.00;0.00;0.00;1.36;0.00;0.00;2.21;2.21;0;0;0;0;1;0;0;1;1
40;44;5;48.00;1;0.50;800;404;701;1;1;2;1;2;7;3;13.37;13.37;11.83;0.00;18.57;0.00;21.55;12.48;11.02;0.00;0.00;13.75;7.80;3.38;9.10;3.22;7.80;4.32;4.32;9.30;0.00;9.30;0.00;2.17;7.02;6.90;0.80;0.00;0.90;0.00;1.30;2.08;2.10;2.14;0.24;2.04;0.00;0.68;0.00;0.44;2.14;1.12;1;1;1;0;1;0;1;1;1
41;48;2;50.00;1;0.50;810;411;512;1;1;0;2;2;7;5;14.37;15.72;0.00;0.00;18.47;14.43;14.43;14.60;14.70;1.73;12.70;1.73;12.70;1.90;12.70;2.00;12.70;5.40;0.00;0.00;0.00;1.68;6.83;6.00;6.23;6.23;0.00;0.00;0.50;3.20;3.20;5.50;3.40;4.59;1.70;0.00;0.00;1.36;1.60;0.88;1.87;2.21;1;1;0;0;1;1;1;1;1
42;48;5;70.00;0;0.50;800;419;512;0;1;2;3;2;8;5;16.00;19.77;19.58;0.00;27.00;17.68;36.77;17.58;18.52;4.98;12.70;24.07;12.70;4.88;12.70;5.82;12.70;13.80;0.00;3.97;0.00;5.40;7.20;6.00;9.00;9.00;2.30;0.00;0.20;3.20;3.20;5.50;3.80;6.66;2.01;3.40;0.00;1.36;2.55;0.88;2.21;2.21;1;1;1;0;1;1;1;1;1
43;40;4;50.00;0;0.50;800;123;702;1;1;3;1;2;8;5;15.62;15.62;19.97;0.00;36.92;20.32;31.38;21.03;25.87;7.52;12.80;18.58;12.80;8.23;12.80;17.97;7.90;0.60;0.60;7.43;0.00;11.03;7.80;7.80;10.68;10.68;1.00;0.00;1.30;1.30;1.30;2.30;2.20;1.29;0.65;2.04;0.00;0.78;1.70;0.48;1.63;1.12;1;1;1;0;1;1;1;1;1
44;48;9;71.00;0;0.00;800;406;512;0;0;3;4;1;3;5;0.00;0.00;0.00;0.00;21.22;0.00;0.00;18.30;18.10;0.00;0.00;0.00;0.00;5.60;12.70;6.70;11.40;0.00;0.00;0.00;0.00;2.63;0.00;0.00;6.72;6.72;0.00;0.00;1.30;0.00;0.00;3.80;4.20;0.00;0.00;0.00;0.00;1.36;0.00;0.00;2.21;2.21;0;0;0;0;1;0;0;1;1
45;40;2;70.00;1;1.00;750;514;702;0;1;0;2;1;5;6;22.30;0.00;17.40;0.00;31.75;18.57;0.00;18.70;0.00;9.37;9.20;0.00;0.00;5.90;12.80;0.00;0.00;0.60;0.00;15.37;0.00;15.37;9.00;0.00;15.00;0.00;0.50;0.00;1.60;1.30;0.00;1.80;0.00;1.19;0.00;1.70;0.00;0.68;1.09;0.00;1.46;0.00;1;0;1;0;1;1;0;1;0
46;48;2;60.00;1;1.00;815;402;702;1;1;0;2;1;9;1;4.48;4.48;5.93;3.90;13.98;6.18;7.58;4.80;5.10;2.28;3.90;3.68;3.90;0.90;3.90;1.20;3.90;0.60;0.60;8.40;15.60;5.40;7.80;7.80;8.03;8.03;0.80;1.30;3.20;1.30;1.30;2.08;2.40;2.75;0.17;1.70;0.44;0.61;0.51;0.44;2.14;1.05;1;1;1;1;1;1;1;1;1
47;48;3;35.00;1;1.00;830;403;513;1;1;0;1;1;4;5;14.47;0.00;0.00;0.00;20.08;17.62;0.00;0.00;19.40;4.02;13.60;0.00;0.00;0.00;0.00;8.20;11.20;9.60;0.00;0.00;0.00;10.68;8.88;0.00;0.00;11.63;0.00;0.00;0.70;3.20;0.00;0.00;4.30;4.45;0.00;0.00;0.00;1.36;1.97;0.00;0.00;2.21;1;0;0;0;1;1;0;0;1
48;48;8;40.00;0;0.00;800;504;107;1;0;2;3;0;2;4;0.00;0.00;0.00;8.10;10.62;0.00;0.00;0.00;0.00;0.00;0.00;0.00;0.00;0.00;0.00;0.00;0.00;0.00;0.00;0.00;13.20;7.68;0.00;0.00;0.00;0.00;0.00;3.20;0.20;0.00;0.00;0.00;0.00;0.00;0.00;0.00;0.75;1.36;0.00;0.00;0.00;0.00;0;0;0;1;1;0;0;0;0
49;48;3;180.00;0;0.66;815;210;107;0;2;0;3;3;3;5;4.13;4.13;0.00;0.00;2.73;0.00;0.00;0.00;0.00;0.00;0.00;0.00;0.00;0.00;0.00;0.00;0.00;4.08;0.00;0.00;0.00;3.23;0.00;0.00;0.00;0.00;0.00;0.00;0.10;0.00;0.00;0.00;0.00;1.39;0.37;0.00;0.00;1.36;0.00;0.00;0.00;0.00;1;1;0;0;1;0;0;0;0
50;48;3;28.00;0;0.00;745;419;512;1;0;1;2;1;3;5;0.00;0.00;0.00;0.00;19.68;0.00;0.00;16.00;16.20;0.00;0.00;0.00;0.00;3.30;12.70;3.50;12.70;0.00;0.00;0.00;0.00;4.32;0.00;0.00;10.08;10.08;0.00;0.00;1.30;0.00;0.00;5.50;3.80;0.00;0.00;0.00;0.00;1.36;0.00;0.00;2.21;2.21;0;0;0;0;1;0;0;1;1
51;44;4;70.00;1;0.50;800;411;700;1;1;2;1;2;8;9;20.02;20.02;24.53;0.00;35.57;19.93;33.25;20.42;22.28;4.83;15.10;18.15;15.10;5.32;15.10;7.18;15.10;3.83;3.83;5.63;0.00;5.63;4.80;4.80;5.88;5.88;0.80;0.00;0.90;1.30;1.30;2.08;4.30;2.31;0.65;2.04;0.00;0.68;1.46;0.44;1.46;1.12;1;1;1;0;1;1;1;1;1
52;48;2;30.00;0;0.00;830;206;512;1;0;1;1;0;3;4;0.00;0.00;3.57;1.60;5.83;0.00;0.00;0.00;0.00;0.00;0.00;0.00;0.00;0.00;0.00;0.00;0.00;0.00;0.00;8.63;8.63;8.63;0.00;0.00;0.00;0.00;0.80;1.20;0.30;0.00;0.00;0.00;0.00;0.00;0.00;2.72;0.85;1.36;0.00;0.00;0.00;0.00;0;0;1;1;1;0;0;0;0
53;54;4;45.00;1;0.00;820;213;113;1;0;0;1;1;2;5;0.00;5.47;0.00;0.00;5.57;0.00;0.00;0.00;0.00;0.00;0.00;0.00;0.00;0.00;0.00;0.00;0.00;0.00;0.60;0.00;0.00;1.20;0.00;0.00;0.00;0.00;0.00;0.00;0.10;0.00;0.00;0.00;0.00;0.00;0.37;0.00;0.00;1.36;0.00;0.00;0.00;0.00;0;1;0;0;1;0;0;0;0
54;48;5;42.00;1;0.50;730;504;107;1;1;1;2;2;4;1;7.68;9.78;0.00;8.10;10.28;0.00;0.00;0.00;0.00;0.00;0.00;0.00;0.00;0.00;0.00;0.00;0.00;7.92;0.00;0.00;12.12;6.12;0.00;0.00;0.00;0.00;0.00;3.20;0.20;0.00;0.00;0.00;0.00;7.17;2.04;0.00;0.85;1.36;0.00;0.00;0.00;0.00;1;1;0;1;1;0;0;0;0
55;44;2;30.00;1;0.00;815;419;512;1;0;0;2;0;4;5;0.00;0.00;20.05;0.00;23.08;0.00;0.00;17.28;18.97;0.00;0.00;0.00;0.00;4.58;12.70;6.27;12.70;0.00;0.00;13.80;0.00;0.97;0.00;0.00;9.12;4.32;2.30;0.00;1.30;0.00;0.00;5.50;3.80;0.00;0.00;2.72;0.00;1.36;0.00;0.00;2.21;2.21;0;0;1;0;1;0;0;1;1
56;40;4;120.00;1;1.00;820;123;700;1;1;1;2;1;8;1;18.37;18.37;19.62;0.00;40.15;22.48;25.55;23.60;27.20;7.38;15.10;10.45;15.10;8.50;15.10;17.00;10.20;3.00;3.00;8.88;0.00;9.00;7.80;7.80;9.23;9.23;1.00;0.00;1.60;1.30;1.30;2.30;2.20;3.77;1.02;2.04;0.00;0.68;2.01;0.48;1.63;1.12;1;1;1;0;1;1;1;1;1
57;40;4;80.00;1;0.50;820;121;700;1;1;2;1;2;8;3;15.92;15.92;18.42;0.00;37.62;21.40;25.22;22.50;25.00;6.30;15.10;10.12;15.10;7.40;15.10;14.80;10.20;7.80;7.80;9.60;0.00;9.60;7.80;7.80;9.83;9.83;1.00;0.00;1.60;1.30;1.30;2.30;2.60;4.52;0.88;2.04;0.00;0.68;1.12;0.48;1.63;1.12;1;1;1;0;1;1;1;1;1
58;45;3;90.00;0;1.00;750;411;512;0;1;1;2;1;3;8;0.00;0.00;0.00;0.00;19.48;0.00;0.00;14.92;15.87;0.00;0.00;0.00;0.00;2.22;12.70;3.17;12.70;0.00;0.00;0.00;0.00;6.60;0.00;0.00;6.97;9.97;0.00;0.00;0.50;0.00;0.00;3.80;3.40;0.00;0.00;0.00;0.00;1.36;0.00;0.00;2.04;2.21;0;0;0;0;1;0;0;1;1
59;44;6;40.00;0;0.00;720;412;512;0;0;2;2;0;3;8;0.00;0.00;0.00;0.00;27.52;0.00;0.00;19.25;20.13;0.00;0.00;0.00;0.00;6.55;12.70;7.43;12.70;0.00;0.00;0.00;0.00;15.60;0.00;0.00;13.43;13.43;0.00;0.00;0.30;0.00;0.00;3.80;3.80;0.00;0.00;0.00;0.00;1.36;0.00;0.00;2.11;2.11;0;0;0;0;1;0;0;1;1
60;40;4;160.00;1;1.00;830;410;700;1;2;2;1;2;8;1;19.13;19.13;21.62;0.00;28.63;19.72;28.85;18.72;20.62;4.62;15.10;13.75;15.10;3.62;15.10;5.52;15.10;2.40;2.40;9.37;0.00;9.37;7.80;7.80;9.60;9.60;0.80;0.00;0.90;1.30;1.30;2.08;4.30;4.45;0.34;2.04;0.00;0.68;1.29;0.44;1.46;1.12;1;1;1;0;1;1;1;1;1
61;44;4;50.00;0;1.00;800;404;110;1;1;1;1;1;2;5;0.00;0.00;0.00;12.70;14.88;0.00;0.00;0.00;0.00;0.00;0.00;0.00;0.00;0.00;0.00;0.00;0.00;0.00;0.00;0.00;8.17;3.72;0.00;0.00;0.00;0.00;0.00;3.20;0.30;0.00;0.00;0.00;0.00;0.00;0.00;0.00;0.85;1.36;0.00;0.00;0.00;0.00;0;0;0;1;1;0;0;0;0
62;50;5;80.00;1;0.50;810;318;700;1;1;2;1;2;8;3;20.82;20.82;20.68;0.00;36.37;21.57;40.57;20.43;23.87;6.47;15.10;25.47;15.10;5.33;15.10;8.77;15.10;7.43;7.43;7.20;0.00;11.40;4.20;4.20;7.43;7.43;0.60;0.00;1.00;1.30;1.30;1.90;1.80;5.13;0.85;2.04;0.00;0.68;1.60;0.48;1.46;1.12;1;1;1;0;1;1;1;1;1
63;48;2;80.00;0;0.50;815;305;700;0;1;0;2;2;3;4;0.00;0.00;9.38;7.60;18.92;0.00;0.00;0.00;0.00;0.00;0.00;0.00;0.00;0.00;0.00;0.00;0.00;0.00;0.00;5.40;7.20;5.40;0.00;0.00;0.00;0.00;0.30;1.30;0.20;0.00;0.00;0.00;0.00;0.00;0.00;2.04;0.44;0.68;0.00;0.00;0.00;0.00;0;0;1;1;1;0;0;0;0
64;44;2;19.50;0;0.00;745;419;510;1;0;0;1;0;5;8;0.00;16.55;0.00;0.00;19.43;0.00;21.33;14.72;15.07;0.00;0.00;10.23;11.10;3.62;11.10;3.97;11.10;0.00;0.37;0.00;0.00;8.77;0.00;8.77;11.77;11.77;0.00;0.00;1.30;0.00;2.00;4.30;2.60;0.00;2.11;0.00;0.00;1.36;0.00;0.48;1.60;1.77;0;1;0;0;1;0;1;1;1
65;48;5;75.00;0;0.00;810;313;511;0;0;2;2;0;2;5;0.00;0.00;6.58;0.00;11.48;0.00;0.00;0.00;0.00;0.00;0.00;0.00;0.00;0.00;0.00;0.00;0.00;0.00;0.00;9.12;0.00;3.12;0.00;0.00;0.00;0.00;0.50;0.00;0.70;0.00;0.00;0.00;0.00;0.00;0.00;2.72;0.00;1.36;0.00;0.00;0.00;0.00;0;0;1;0;1;0;0;0;0
66;44;2;30.00;0;0.00;810;411;511;1;0;1;1;1;6;3;0.00;14.53;14.58;0.00;21.62;0.00;24.80;14.77;15.28;0.00;0.00;12.90;11.90;2.87;11.90;3.38;11.90;0.00;0.00;1.43;0.00;2.03;0.00;2.17;3.00;3.00;1.30;0.00;1.30;0.00;3.20;4.50;3.40;0.00;1.80;3.06;0.00;1.36;0.00;0.88;1.87;2.21;0;1;1;0;1;0;1;1;1
67;44;4;80.00;0;1.00;800;509;700;1;1;0;1;1;4;1;24.10;24.10;18.65;0.00;36.53;0.00;0.00;0.00;0.00;0.00;0.00;0.00;0.00;0.00;0.00;0.00;0.00;2.40;2.40;9.72;0.00;10.32;0.00;0.00;0.00;0.00;0.50;0.00;2.30;0.00;0.00;0.00;0.00;1.90;0.58;2.04;0.00;0.68;0.00;0.00;0.00;0.00;1;1;1;0;1;0;0;0;0
68;48;7;20.00;1;0.00;715;403;510;1;0;4;1;0;2;4;0.00;0.00;0.00;11.10;13.48;0.00;0.00;0.00;0.00;0.00;0.00;0.00;0.00;0.00;0.00;0.00;0.00;0.00;0.00;0.00;12.00;2.40;0.00;0.00;0.00;0.00;0.00;2.00;0.60;0.00;0.00;0.00;0.00;0.00;0.00;0.00;0.37;1.36;0.00;0.00;0.00;0.00;0;0;0;1;1;0;0;0;0
69;35;7;40.00;1;0.00;820;707;700;0;0;0;5;0;3;4;0.00;0.00;9.58;8.88;20.02;0.00;0.00;0.00;0.00;0.00;0.00;0.00;0.00;0.00;0.00;0.00;0.00;0.00;0.00;7.20;7.20;7.20;0.00;0.00;0.00;0.00;0.30;1.30;0.20;0.00;0.00;0.00;0.00;0.00;0.00;2.04;0.44;0.68;0.00;0.00;0.00;0.00;0;0;1;1;1;0;0;0;0
70;44;4;140.00;1;1.00;800;519;700;1;1;2;2;1;8;1;26.23;26.23;16.57;0.00;42.33;21.88;32.65;24.07;28.15;6.78;15.10;17.55;15.10;8.97;15.10;13.05;15.10;2.40;2.40;21.60;0.00;11.17;6.60;6.60;8.63;11.40;0.50;0.00;1.60;1.30;1.30;1.80;2.60;1.46;0.37;1.70;0.00;0.68;1.43;0.44;1.46;1.12;1;1;1;0;1;1;1;1;1
71;40;2;25.00;1;0.00;800;400;512;1;0;0;1;0;4;5;0.00;0.00;14.05;0.00;17.20;0.00;0.00;11.80;13.20;0.00;0.00;0.00;0.00;1.50;10.30;2.90;10.30;0.00;0.00;2.77;0.00;7.32;0.00;0.00;11.88;11.88;0.60;0.00;5.00;0.00;0.00;3.80;3.80;0.00;0.00;3.40;0.00;1.36;0.00;0.00;2.21;2.21;0;0;1;0;1;0;0;1;1
72;40;5;80.00;1;1.00;815;402;510;1;1;3;2;1;5;8;13.23;0.00;0.00;0.00;20.73;13.17;0.00;13.70;15.38;4.47;8.70;0.00;0.00;5.00;8.70;6.68;8.70;1.68;0.00;0.00;0.00;8.03;10.32;0.00;10.92;10.92;0.00;0.00;2.00;2.00;0.00;2.60;2.80;4.32;0.00;0.00;0.00;1.36;2.11;0.00;1.56;1.73;1;0;0;0;1;1;0;1;1
73;40;4;105.00;1;1.00;815;417;701;1;2;2;2;2;9;6;15.53;15.53;12.75;12.90;26.22;13.37;28.52;14.97;15.45;1.67;11.70;16.82;11.70;9.87;5.10;10.35;5.10;5.40;5.40;11.40;14.40;11.40;6.60;6.60;12.23;12.23;0.40;1.30;0.70;1.30;1.30;1.70;2.00;4.39;0.51;2.04;0.44;0.68;1.22;0.48;2.18;1.16;1;1;1;1;1;1;1;1;1
74;40;6;200.00;1;0.66;845;116;701;0;4;2;5;6;8;6;16.53;16.53;13.25;0.00;33.90;17.97;38.65;18.50;22.70;12.87;5.10;33.55;5.10;4.50;14.00;13.60;9.10;5.40;5.40;12.00;0.00;11.52;6.97;6.97;12.23;12.23;0.60;0.00;3.30;1.30;1.30;1.90;4.60;4.59;0.58;2.04;0.00;0.68;1.94;0.48;2.48;1.12;1;1;1;0;1;1;1;1;1
75;45;3;96.00;1;1.00;840;501;109;1;1;0;1;1;4;1;11.15;11.15;0.00;9.80;19.42;0.00;0.00;0.00;0.00;0.00;0.00;0.00;0.00;0.00;0.00;0.00;0.00;1.80;0.00;0.00;14.88;5.28;0.00;0.00;0.00;0.00;0.00;2.00;1.30;0.00;0.00;0.00;0.00;7.04;1.80;0.00;0.44;1.36;0.00;0.00;0.00;0.00;1;1;0;1;1;0;0;0;0
76;45;4;120.00;0;1.00;755;409;701;0;3;1;2;3;6;1;13.92;0.00;19.67;0.00;29.63;16.55;0.00;15.70;17.40;2.55;14.00;0.00;0.00;1.70;14.00;3.40;14.00;7.80;0.00;6.48;0.00;6.48;5.77;0.00;5.63;5.63;0.80;0.00;0.90;1.30;0.00;2.08;1.70;5.68;0.00;2.04;0.00;0.68;1.26;0.00;2.48;1.12;1;0;1;0;1;1;0;1;1
77;50;2;46.00;1;0.00;715;403;513;1;0;0;2;1;4;5;0.00;0.00;14.22;0.00;19.63;0.00;0.00;16.90;17.67;0.00;0.00;0.00;0.00;3.30;13.60;5.37;12.30;0.00;0.00;12.23;0.00;6.23;0.00;0.00;12.72;2.17;0.60;0.00;1.30;0.00;0.00;3.80;4.20;0.00;0.00;3.40;0.00;1.36;0.00;0.00;2.21;2.21;0;0;1;0;1;0;0;1;1
78;45;8;500.00;1;0.37;900;111;701;0;3;4;3;8;8;1;11.37;11.37;11.03;0.00;25.82;18.88;26.80;18.15;20.37;4.88;14.00;12.80;14.00;4.15;14.00;6.37;14.00;11.40;11.40;11.40;0.00;11.40;1.80;1.80;3.83;7.20;0.60;0.00;1.60;1.30;1.30;1.90;3.00;2.58;0.44;2.04;0.00;0.68;1.43;0.44;1.46;1.12;1;1;1;0;1;1;1;1;1
79;62;4;38.00;1;1.00;630;313;511;1;1;2;1;1;3;5;7.07;0.00;0.00;0.00;12.97;11.38;0.00;0.00;0.00;4.08;7.30;0.00;0.00;0.00;0.00;0.00;0.00;5.40;0.00;0.00;0.00;7.92;8.88;0.00;0.00;0.00;0.00;0.00;1.10;3.20;0.00;0.00;0.00;3.40;0.00;0.00;0.00;1.36;2.04;0.00;0.00;0.00;1;0;0;0;1;1;0;0;0
80;45;2;180.00;1;1.00;730;402;511;0;2;0;2;2;7;1;13.57;13.57;0.00;0.00;19.58;14.23;29.40;15.82;16.98;5.73;8.50;20.90;8.50;7.32;8.50;7.48;9.50;0.23;0.00;0.00;0.00;7.08;5.28;4.08;4.68;8.28;0.00;0.00;2.00;3.20;3.20;3.80;4.00;4.83;1.22;0.00;0.00;1.36;2.38;0.88;1.87;2.21;1;1;0;0;1;1;1;1;1
81;36;2;100.00;1;0.50;800;318;701;1;1;0;2;2;8;6;16.47;16.47;18.32;0.00;33.77;19.20;32.45;17.90;20.60;5.20;14.00;18.45;14.00;3.90;14.00;6.60;14.00;6.00;6.00;12.60;0.00;21.00;5.40;5.40;15.23;15.23;0.60;0.00;1.00;1.30;1.30;1.90;1.80;4.08;0.68;2.04;0.00;0.68;1.60;0.48;1.33;1.16;1;1;1;0;1;1;1;1;1
82;48;3;45.00;0;0.00;745;404;511;0;0;0;2;0;3;9;0.00;0.00;0.00;0.00;15.03;0.00;0.00;12.12;12.13;0.00;0.00;0.00;0.00;1.52;10.60;1.53;10.60;0.00;0.00;0.00;0.00;6.12;0.00;0.00;9.48;9.48;0.00;0.00;0.20;0.00;0.00;3.60;3.40;0.00;0.00;0.00;0.00;1.36;0.00;0.00;1.77;2.11;0;0;0;0;1;0;0;1;1
83;44;2;35.00;0;0.00;740;308;512;1;0;0;2;0;3;5;0.00;0.00;0.00;0.00;14.38;0.00;0.00;10.12;12.97;0.00;0.00;0.00;0.00;2.92;7.20;6.77;6.20;0.00;0.00;0.00;0.00;4.92;0.00;0.00;8.28;8.77;0.00;0.00;3.00;0.00;0.00;3.60;11.00;0.00;0.00;0.00;0.00;1.36;0.00;0.00;2.21;2.21;0;0;0;0;1;0;0;1;1
84;45;4;140.00;1;1.00;745;503;700;1;1;2;1;1;8;6;13.58;13.58;12.98;0.00;25.73;14.97;15.10;13.90;18.90;4.77;10.20;4.90;10.20;3.70;10.20;8.70;10.20;1.80;1.80;6.72;0.00;6.72;9.00;9.00;6.97;6.97;0.50;0.00;0.60;1.30;1.30;1.80;1.80;4.08;0.34;2.04;0.00;0.68;1.77;0.51;1.50;1.16;1;1;1;0;1;1;1;1;1
85;40;6;53.00;0;0.00;730;308;512;0;0;2;2;0;3;5;0.00;0.00;0.00;0.00;13.72;0.00;0.00;10.12;12.97;0.00;0.00;0.00;0.00;2.92;7.20;6.77;6.20;0.00;0.00;0.00;0.00;9.48;0.00;0.00;7.08;7.57;0.00;0.00;0.20;0.00;0.00;3.60;11.00;0.00;0.00;0.00;0.00;1.36;0.00;0.00;2.21;2.21;0;0;0;0;1;0;0;1;1
86;45;4;60.00;1;0.00;730;122;700;1;0;3;1;0;5;2;0.00;22.08;19.63;0.00;39.37;0.00;0.00;23.82;28.48;0.00;0.00;0.00;0.00;8.72;15.10;13.38;15.10;0.00;9.60;8.52;0.00;7.57;0.00;0.00;11.03;11.03;1.00;0.00;2.80;0.00;0.00;2.30;2.90;0.00;1.36;2.04;0.00;0.68;0.00;0.00;1.63;1.05;0;1;1;0;1;0;0;1;1
87;44;4;220.00;1;0.50;810;300;511;1;1;2;2;2;6;1;5.22;5.22;0.00;0.00;10.40;5.38;8.12;0.00;6.22;1.28;4.10;4.02;4.10;0.00;0.00;2.12;4.10;1.92;0.00;0.00;0.00;7.68;7.68;6.48;0.00;6.97;0.00;0.00;1.90;3.20;3.20;0.00;4.20;7.82;0.78;0.00;0.00;1.36;1.80;0.85;0.00;2.21;1;1;0;0;1;1;1;0;1
88;45;11;300.00;0;0.83;815;411;511;0;5;5;3;6;7;2;13.95;13.42;14.12;0.00;17.42;16.58;43.80;15.97;0.00;4.68;11.90;31.90;11.90;4.07;11.90;0.00;0.00;12.72;0.37;7.68;0.00;7.68;8.63;7.43;12.83;0.00;0.60;0.00;1.30;3.20;3.20;3.80;0.00;9.21;2.69;2.72;0.00;1.36;2.11;0.88;2.21;0.00;1;1;1;0;1;1;1;1;0
89;70;6;80.00;0;0.00;800;416;511;0;0;3;2;2;3;5;0.00;0.00;0.00;0.00;29.47;0.00;0.00;22.00;24.43;0.00;0.00;0.00;0.00;10.10;11.90;12.53;11.90;0.00;0.00;0.00;0.00;3.23;0.00;0.00;7.43;7.43;0.00;0.00;3.00;0.00;0.00;3.80;4.50;0.00;0.00;0.00;0.00;1.36;0.00;0.00;2.21;2.21;0;0;0;0;1;0;0;1;1
90;50;2;60.00;1;1.00;740;508;700;1;1;0;1;1;4;5;19.83;0.00;0.00;0.00;30.12;18.93;0.00;0.00;19.30;3.83;15.10;0.00;0.00;0.00;0.00;4.20;15.10;5.77;0.00;0.00;0.00;7.57;5.28;0.00;0.00;13.68;0.00;0.00;2.30;1.30;0.00;0.00;1.80;2.89;0.00;0.00;0.00;0.68;1.43;0.00;0.00;1.12;1;0;0;0;1;1;0;0;1
91;45;2;30.00;0;1.00;815;502;107;1;1;0;2;1;2;4;0.00;0.00;0.00;10.60;15.38;0.00;0.00;0.00;0.00;0.00;0.00;0.00;0.00;0.00;0.00;0.00;0.00;0.00;0.00;0.00;14.40;8.03;0.00;0.00;0.00;0.00;0.00;3.20;0.20;0.00;0.00;0.00;0.00;0.00;0.00;0.00;0.75;1.36;0.00;0.00;0.00;0.00;0;0;0;1;1;0;0;0;0
92;48;5;120.00;0;1.00;745;119;701;0;1;3;3;1;6;9;0.00;14.37;17.27;0.00;34.65;0.00;20.83;18.50;23.12;0.00;0.00;6.83;14.00;4.50;14.00;9.12;14.00;0.00;5.77;13.62;0.00;7.02;0.00;5.28;5.82;5.82;1.00;0.00;3.30;0.00;1.30;2.30;2.90;0.00;0.61;2.04;0.00;0.68;0.00;0.51;2.52;1.09;0;1;1;0;1;0;1;1;1
93;48;2;51.00;0;0.00;800;712;31;1;0;0;1;0;3;4;0.00;0.00;13.88;14.00;28.68;0.00;0.00;0.00;0.00;0.00;0.00;0.00;0.00;0.00;0.00;0.00;0.00;0.00;0.00;6.00;7.08;6.00;0.00;0.00;0.00;0.00;0.40;1.30;0.70;0.00;0.00;0.00;0.00;0.00;0.00;2.04;0.44;0.68;0.00;0.00;0.00;0.00;0;0;1;1;1;0;0;0;0
94;45;7;40.00;1;0.00;800;408;511;1;0;1;2;1;5;5;0.00;0.00;19.98;0.00;27.43;0.00;27.62;19.08;18.57;0.00;0.00;15.72;11.90;7.18;11.90;6.67;11.90;0.00;0.00;16.80;0.00;16.80;0.00;7.43;8.03;8.03;2.30;0.00;0.30;0.00;3.20;5.50;8.00;0.00;0.00;2.72;0.00;1.36;0.00;0.92;2.21;2.21;0;0;1;0;1;0;1;1;1
95;48;3;65.00;1;0.50;820;500;107;1;1;1;2;2;4;4;12.12;13.20;0.00;11.90;17.22;0.00;0.00;0.00;0.00;0.00;0.00;0.00;0.00;0.00;0.00;0.00;0.00;5.28;0.00;0.00;6.48;3.23;0.00;0.00;0.00;0.00;0.00;3.20;0.50;0.00;0.00;0.00;0.00;3.40;1.36;0.00;0.85;1.36;0.00;0.00;0.00;0.00;1;1;0;1;1;0;0;0;0
96;48;5;80.00;1;0.50;800;120;702;1;1;2;1;2;8;5;12.53;12.53;17.63;0.00;32.92;18.33;25.38;18.60;21.70;5.53;12.80;12.58;12.80;5.80;12.80;8.90;12.80;4.20;4.20;14.28;0.00;2.28;10.57;10.57;21.72;21.72;1.00;0.00;2.80;1.30;1.30;2.30;2.90;1.26;0.65;2.04;0.00;0.68;1.53;0.48;1.63;1.12;1;1;1;0;1;1;1;1;1
97;48;5;75.00;0;1.00;820;704;11;1;2;1;1;2;4;5;0.00;3.12;3.27;2.40;4.42;0.00;0.00;0.00;0.00;0.00;0.00;0.00;0.00;0.00;0.00;0.00;0.00;0.00;2.77;8.70;12.30;4.27;0.00;0.00;0.00;0.00;0.20;1.30;0.20;0.00;0.00;0.00;0.00;0.00;0.10;1.70;0.44;0.61;0.00;0.00;0.00;0.00;0;1;1;1;1;0;0;0;0
98;48;4;100.00;0;1.00;750;210;117;1;1;3;1;1;2;5;2.37;0.00;0.00;0.00;2.32;0.00;0.00;0.00;0.00;0.00;0.00;0.00;0.00;0.00;0.00;0.00;0.00;0.72;0.00;0.00;0.00;7.43;0.00;0.00;0.00;0.00;0.00;0.00;0.10;0.00;0.00;0.00;0.00;1.22;0.00;0.00;0.00;1.36;0.00;0.00;0.00;0.00;1;0;0;0;1;0;0;0;0
99;45;4;30.00;0;0.00;830;308;511;0;0;1;2;1;3;5;0.00;0.00;0.00;0.00;10.48;0.00;0.00;8.10;10.40;0.00;0.00;0.00;0.00;1.70;6.40;5.00;5.40;0.00;0.00;0.00;0.00;11.03;0.00;0.00;8.17;8.63;0.00;0.00;0.20;0.00;0.00;5.50;11.00;0.00;0.00;0.00;0.00;1.36;0.00;0.00;2.21;2.21;0;0;0;0;1;0;0;1;1
100;45;7;210.00;0;1.00;800;411;511;1;1;5;2;1;6;2;0.00;15.50;14.32;0.00;18.38;0.00;31.13;15.00;15.63;0.00;0.00;19.23;11.90;3.10;11.90;3.73;11.90;0.00;0.00;6.48;0.00;6.48;0.00;4.08;7.68;7.68;1.30;0.00;0.50;0.00;3.20;4.50;3.40;0.00;1.80;3.40;0.00;1.36;0.00;0.88;2.21;1.87;0;1;1;0;1;0;1;1;1
101;45;8;100.00;1;1.00;745;500;120;0;1;1;2;1;2;4;0.00;0.00;0.00;11.90;16.48;0.00;0.00;0.00;0.00;0.00;0.00;0.00;0.00;0.00;0.00;0.00;0.00;0.00;0.00;0.00;12.97;3.60;0.00;0.00;0.00;0.00;0.00;3.20;0.50;0.00;0.00;0.00;0.00;0.00;0.00;0.00;0.85;1.36;0.00;0.00;0.00;0.00;0;0;0;1;1;0;0;0;0
102;44;5;160.00;0;1.00;740;411;511;0;2;0;2;2;7;6;12.95;13.48;10.32;0.00;17.75;16.45;42.47;16.00;0.00;4.55;11.90;30.57;11.90;4.10;11.90;0.00;0.00;2.63;0.00;6.23;0.00;3.83;5.52;4.08;8.28;0.00;0.60;0.00;1.30;3.20;3.20;3.80;0.00;4.18;1.67;2.72;0.00;1.36;1.12;0.78;1.77;0.00;1;1;1;0;1;1;1;1;0
103;45;2;140.00;1;0.50;815;405;31;1;1;0;2;2;4;4;0.00;9.50;12.07;9.10;19.72;0.00;0.00;0.00;0.00;0.00;0.00;0.00;0.00;0.00;0.00;0.00;0.00;0.00;8.17;6.00;19.43;6.23;0.00;0.00;0.00;0.00;0.80;1.30;0.90;0.00;0.00;0.00;0.00;0.00;0.31;2.04;0.44;0.68;0.00;0.00;0.00;0.00;0;1;1;1;1;0;0;0;0
104;44;5;6.00;1;0.00;820;212;119;1;0;3;1;0;2;5;0.00;0.00;3.98;0.00;4.13;0.00;0.00;0.00;0.00;0.00;0.00;0.00;0.00;0.00;0.00;0.00;0.00;0.00;0.00;8.88;0.00;4.08;0.00;0.00;0.00;0.00;0.40;0.00;0.90;0.00;0.00;0.00;0.00;0.00;0.00;2.72;0.00;1.36;0.00;0.00;0.00;0.00;0;0;1;0;1;0;0;0;0
105;55;4;70.00;0;1.00;820;502;120;1;1;0;3;1;3;4;0.00;10.72;0.00;9.50;12.80;0.00;0.00;0.00;0.00;0.00;0.00;0.00;0.00;0.00;0.00;0.00;0.00;0.00;0.00;0.00;6.37;3.72;0.00;0.00;0.00;0.00;0.00;3.20;0.20;0.00;0.00;0.00;0.00;0.00;1.26;0.00;0.85;1.36;0.00;0.00;0.00;0.00;0;1;0;1;1;0;0;0;0
106;40;4;100.00;1;1.00;750;500;115;1;1;2;1;1;4;4;15.47;0.00;12.83;12.70;16.87;0.00;0.00;0.00;0.00;0.00;0.00;0.00;0.00;0.00;0.00;0.00;0.00;5.40;0.00;10.08;11.17;4.68;0.00;0.00;0.00;0.00;0.60;3.20;0.50;0.00;0.00;0.00;0.00;3.67;0.00;2.72;0.85;1.36;0.00;0.00;0.00;0.00;1;0;1;1;1;0;0;0;0
107;44;5;50.00;0;0.00;740;407;511;0;0;2;2;0;3;5;0.00;0.00;0.00;0.00;21.35;0.00;0.00;17.57;18.03;0.00;0.00;0.00;0.00;6.97;10.60;7.43;10.60;0.00;0.00;0.00;0.00;8.88;0.00;0.00;10.32;10.32;0.00;0.00;1.30;0.00;0.00;3.80;4.50;0.00;0.00;0.00;0.00;1.36;0.00;0.00;1.87;2.21;0;0;0;0;1;0;0;1;1
108;44;3;78.50;1;0.00;745;126;701;1;0;1;3;1;5;5;0.00;14.85;19.28;0.00;23.98;0.00;33.88;0.00;22.02;0.00;0.00;19.88;14.00;0.00;0.00;8.02;14.00;0.00;0.00;12.72;0.00;9.83;0.00;5.52;0.00;7.68;1.50;0.00;4.60;0.00;1.30;0.00;5.50;0.00;0.75;2.04;0.00;0.78;0.00;0.44;0.00;1.12;0;1;1;0;1;0;1;0;1
109;45;4;50.00;1;0.50;700;414;512;1;1;2;1;2;8;5;15.62;15.17;13.47;0.00;19.08;18.82;39.07;16.88;18.77;6.12;12.70;26.37;12.70;4.18;12.70;6.07;12.70;5.40;0.00;13.43;0.00;11.28;4.32;3.12;12.72;12.72;1.30;0.00;0.70;3.20;3.20;4.50;3.50;5.10;1.97;2.72;0.00;1.36;2.38;0.88;2.21;2.21;1;1;1;0;1;1;1;1;1
110;44;6;17.00;1;0.00;600;520;701;1;0;4;5;0;4;5;0.00;0.00;16.88;0.00;24.88;0.00;0.00;23.97;32.13;0.00;0.00;0.00;0.00;9.97;14.00;27.03;5.10;0.00;0.00;2.77;0.00;3.00;0.00;0.00;6.37;6.37;0.50;0.00;1.60;0.00;0.00;1.80;2.60;0.00;0.00;2.04;0.00;0.68;0.00;0.00;1.46;1.12;0;0;1;0;1;0;0;1;1
111;44;4;100.00;0;1.00;800;411;701;0;1;2;2;1;6;5;0.00;18.48;22.48;0.00;32.12;0.00;18.65;18.20;19.50;0.00;0.00;4.65;14.00;4.20;14.00;5.50;14.00;0.00;6.60;1.68;0.00;1.68;0.00;5.52;5.28;5.28;0.80;0.00;0.90;0.00;1.30;2.08;4.30;0.00;0.82;1.70;0.00;0.68;0.00;0.48;1.29;1.12;0;1;1;0;1;0;1;1;1
112;45;4;25.60;1;0.00;705;400;512;1;0;2;1;0;4;5;0.00;0.00;8.57;0.00;15.20;0.00;0.00;13.23;15.28;0.00;0.00;0.00;0.00;2.93;10.30;4.98;10.30;0.00;0.00;4.43;0.00;3.23;0.00;0.00;3.72;3.72;0.60;0.00;0.80;0.00;0.00;3.80;3.80;0.00;0.00;2.72;0.00;1.36;0.00;0.00;2.21;2.21;0;0;1;0;1;0;0;1;1
113;50;3;70.00;1;1.00;800;113;700;1;1;0;1;1;6;1;13.65;0.00;19.03;0.00;32.88;18.77;0.00;19.00;22.00;3.67;15.10;0.00;0.00;3.90;15.10;6.90;15.10;0.60;0.00;6.12;0.00;6.12;5.17;0.00;6.37;6.37;0.60;0.00;1.60;1.30;0.00;1.90;2.10;1.16;0.00;1.70;0.00;0.68;1.36;0.00;1.63;1.12;1;0;1;0;1;1;0;1;1
114;55;4;50.00;1;0.00;820;418;511;1;0;0;1;0;4;8;0.00;0.00;15.55;0.00;19.08;0.00;0.00;14.52;14.92;0.00;0.00;0.00;0.00;3.92;10.60;4.32;10.60;0.00;0.00;11.28;0.00;1.68;0.00;0.00;2.88;2.88;2.30;0.00;1.10;0.00;0.00;5.50;4.10;0.00;0.00;2.72;0.00;1.36;0.00;0.00;2.04;2.21;0;0;1;0;1;0;0;1;1
115;44;3;90.00;1;0.66;815;410;701;1;2;1;2;3;8;9;19.23;19.23;21.82;0.00;32.13;18.70;28.50;17.62;19.52;4.70;14.00;14.50;14.00;3.62;14.00;5.52;14.00;3.00;3.00;5.17;0.00;5.17;5.52;5.52;8.77;8.77;0.80;0.00;0.90;1.30;1.30;2.08;4.30;1.36;0.68;1.70;0.00;0.68;1.43;0.44;1.29;1.05;1;1;1;0;1;1;1;1;1
116;50;4;30.00;0;1.00;800;404;512;0;1;2;2;1;5;7;0.00;0.00;10.53;0.00;15.72;0.00;28.08;15.08;14.18;0.00;0.00;16.68;11.40;2.38;12.70;2.78;11.40;0.00;0.00;6.23;0.00;4.08;0.00;3.12;4.32;4.32;0.60;0.00;0.70;0.00;3.20;3.80;3.40;0.00;0.00;2.72;0.00;1.36;0.00;0.85;2.21;2.21;0;0;1;0;1;0;1;1;1
117;44;5;110.00;0;0.50;800;328;701;0;1;0;3;2;5;9;0.00;0.00;19.10;0.00;28.73;0.00;24.35;14.97;15.93;0.00;0.00;10.35;14.00;0.97;14.00;1.93;14.00;0.00;0.00;6.37;0.00;6.37;0.00;5.52;7.57;7.57;0.80;0.00;0.90;0.00;1.30;2.08;1.70;0.00;0.00;2.04;0.00;0.68;0.00;0.44;1.46;1.12;0;0;1;0;1;0;1;1;1
118;45;5;75.00;1;0.50;810;306;512;0;1;2;2;2;7;1;5.68;5.95;6.18;0.00;9.02;8.33;14.92;0.00;7.32;1.13;7.20;7.72;7.20;0.00;0.00;2.42;4.90;7.20;0.00;5.28;0.00;3.12;4.32;3.12;0.00;4.57;0.40;0.00;0.70;3.20;3.20;0.00;3.60;3.13;0.92;2.72;0.00;1.36;1.70;0.85;0.00;2.21;1;1;1;0;1;1;1;0;1
119;44;5;33.00;1;0.00;755;316;701;1;0;0;3;2;4;5;0.00;0.00;16.10;0.00;34.62;0.00;0.00;16.00;19.60;0.00;0.00;0.00;0.00;2.00;14.00;5.60;14.00;0.00;0.00;6.60;0.00;6.60;0.00;0.00;10.20;5.17;0.40;0.00;0.70;0.00;0.00;1.70;5.50;0.00;0.00;2.04;0.00;0.61;0.00;0.00;1.29;1.05;0;0;1;0;1;0;0;1;1
120;44;6;120.00;0;1.00;800;135;701;0;2;3;2;2;4;6;13.22;13.22;0.00;0.00;0.00;17.62;23.88;0.00;0.00;5.92;11.70;12.18;11.70;0.00;0.00;0.00;0.00;9.23;9.23;0.00;0.00;0.00;5.52;5.52;0.00;0.00;0.00;0.00;0.00;1.30;1.30;0.00;0.00;1.22;0.61;0.00;0.00;0.00;1.56;0.48;0.00;0.00;1;1;0;0;0;1;1;0;0
121;45;2;33.00;1;0.00;700;405;512;1;0;1;1;0;4;5;0.00;0.00;13.17;0.00;18.37;0.00;0.00;17.28;16.55;0.00;0.00;0.00;0.00;4.58;12.70;5.15;11.40;0.00;0.00;8.40;0.00;8.40;0.00;0.00;3.72;3.72;2.30;0.00;0.20;0.00;0.00;5.50;4.10;0.00;0.00;2.72;0.00;1.36;0.00;0.00;2.21;2.21;0;0;1;0;1;0;0;1;1
122;48;3;35.00;1;0.00;700;403;512;1;0;0;1;0;4;5;0.00;0.00;8.87;0.00;15.88;0.00;0.00;15.20;15.60;0.00;0.00;0.00;0.00;2.50;12.70;4.20;11.40;0.00;0.00;4.80;0.00;3.60;0.00;0.00;10.08;10.08;0.60;0.00;1.30;0.00;0.00;3.80;4.20;0.00;0.00;2.72;0.00;1.36;0.00;0.00;2.21;2.21;0;0;1;0;1;0;0;1;1
123;48;4;30.00;1;1.00;700;316;512;1;1;2;1;1;5;5;11.62;0.00;0.00;0.00;14.43;12.38;0.00;13.48;14.28;4.28;8.10;0.00;0.00;5.38;8.10;6.18;8.10;5.40;0.00;0.00;0.00;5.63;4.32;0.00;6.12;6.12;0.00;0.00;1.10;3.20;0.00;5.50;5.00;3.77;0.00;0.00;0.00;1.36;1.84;0.00;2.21;2.21;1;0;0;0;1;1;0;1;1
124;50;6;300.00;1;1.00;820;504;115;1;2;2;2;2;5;4;10.20;9.60;7.37;8.10;10.27;0.00;0.00;0.00;0.00;0.00;0.00;0.00;0.00;0.00;0.00;0.00;0.00;5.40;0.00;10.92;6.83;6.37;0.00;0.00;0.00;0.00;0.40;3.20;0.20;0.00;0.00;0.00;0.00;3.13;1.02;2.72;0.85;1.36;0.00;0.00;0.00;0.00;1;1;1;1;1;0;0;0;0
125;25;5;170.00;0;1.00;900;104;700;0;2;3;2;2;4;1;10.25;0.00;6.82;10.20;14.80;0.00;0.00;0.00;0.00;0.00;0.00;0.00;0.00;0.00;0.00;0.00;0.00;2.17;0.00;9.72;14.52;8.22;0.00;0.00;0.00;0.00;0.60;1.30;2.50;0.00;0.00;0.00;0.00;3.43;0.00;2.04;0.44;0.68;0.00;0.00;0.00;0.00;1;0;1;1;1;0;0;0;0
126;60;5;70.00;1;0.50;745;403;512;1;1;2;2;2;8;5;13.10;12.47;10.20;0.00;13.87;15.92;24.48;15.65;16.25;3.22;12.70;11.78;12.70;2.95;12.70;4.85;11.40;5.40;0.00;6.72;0.00;6.97;4.32;3.12;7.92;7.92;0.60;0.00;0.70;3.20;3.20;3.80;4.20;3.74;1.33;2.72;0.00;1.70;2.11;0.88;2.21;2.21;1;1;1;0;1;1;1;1;1
127;52;6;190.00;1;1.00;745;116;700;1;2;4;1;2;7;1;15.93;15.93;0.00;0.00;36.58;20.58;27.35;15.83;24.77;5.48;15.10;12.25;15.10;13.53;2.30;14.57;10.20;0.60;0.60;0.00;0.00;5.77;6.37;6.37;6.00;6.00;0.00;0.00;3.30;1.30;1.30;2.08;4.60;1.33;0.68;0.00;0.00;0.68;1.50;0.48;2.48;1.12;1;1;0;0;1;1;1;1;1
128;44;5;80.00;0;1.00;800;318;511;0;1;1;3;1;4;3;0.00;0.00;8.30;0.00;14.17;0.00;0.00;9.80;10.17;0.00;0.00;0.00;0.00;1.30;8.50;1.67;8.50;0.00;0.00;6.23;0.00;7.43;0.00;0.00;8.52;8.52;0.50;0.00;1.10;0.00;0.00;3.70;3.40;0.00;0.00;1.36;0.00;1.36;0.00;0.00;2.21;2.21;0;0;1;0;1;0;0;1;1
129;45;2;32.00;0;0.00;730;518;33;1;0;1;1;0;2;3;0.00;0.00;21.13;0.00;39.80;0.00;0.00;0.00;0.00;0.00;0.00;0.00;0.00;0.00;0.00;0.00;0.00;0.00;0.00;5.40;0.00;5.40;0.00;0.00;0.00;0.00;0.50;0.00;4.30;0.00;0.00;0.00;0.00;0.00;0.00;1.70;0.00;0.68;0.00;0.00;0.00;0.00;0;0;1;0;1;0;0;0;0
130;44;6;47.00;1;0.50;800;314;113;1;1;2;2;2;4;4;9.32;9.32;0.00;7.30;10.62;0.00;0.00;0.00;0.00;0.00;0.00;0.00;0.00;0.00;0.00;0.00;0.00;5.40;0.00;0.00;9.37;2.63;0.00;0.00;0.00;0.00;0.00;3.20;0.20;0.00;0.00;0.00;0.00;3.13;1.05;0.00;0.85;1.36;0.00;0.00;0.00;0.00;1;1;0;1;1;0;0;0;0
131;50;3;20.00;1;0.00;700;402;511;1;0;2;1;0;3;5;0.00;0.00;0.00;0.00;16.13;0.00;0.00;14.30;16.18;0.00;0.00;0.00;0.00;5.80;8.50;6.68;9.50;0.00;0.00;0.00;0.00;3.23;0.00;0.00;9.23;9.72;0.00;0.00;4.50;0.00;0.00;3.80;4.00;0.00;0.00;0.00;0.00;1.36;0.00;0.00;2.21;2.21;0;0;0;0;1;0;0;1;1
132;48;5;115.00;0;0.50;740;712;33;0;1;3;2;2;3;4;0.00;0.00;14.23;15.10;28.78;0.00;0.00;0.00;0.00;0.00;0.00;0.00;0.00;0.00;0.00;0.00;0.00;0.00;0.00;7.80;5.17;7.80;0.00;0.00;0.00;0.00;0.40;1.30;0.70;0.00;0.00;0.00;0.00;0.00;0.00;2.04;0.44;0.68;0.00;0.00;0.00;0.00;0;0;1;1;1;0;0;0;0
133;45;5;40.00;1;0.00;700;411;511;1;0;1;2;0;3;5;0.00;0.00;0.00;0.00;17.13;0.00;0.00;15.00;15.63;0.00;0.00;0.00;0.00;3.10;11.90;3.73;11.90;0.00;0.00;0.00;0.00;11.63;0.00;0.00;12.72;12.72;0.00;0.00;0.50;0.00;0.00;3.80;3.40;0.00;0.00;0.00;0.00;1.36;0.00;0.00;2.21;2.21;0;0;0;0;1;0;0;1;1
134;45;3;85.00;0;0.50;730;417;700;1;1;0;1;2;8;6;16.28;16.28;19.10;0.00;27.13;18.47;22.35;15.80;16.10;4.47;14.00;8.35;14.00;9.50;6.30;9.80;6.30;1.43;1.43;7.92;0.00;9.12;6.37;5.40;8.52;8.52;0.80;0.00;0.90;1.30;1.30;2.08;2.00;1.12;0.41;1.70;0.00;0.68;1.02;0.44;2.14;1.12;1;1;1;0;1;1;1;1;1
135;40;3;34.00;0;0.00;735;410;511;1;0;1;1;0;3;5;0.00;0.00;12.08;0.00;22.18;0.00;0.00;18.13;0.00;0.00;0.00;0.00;0.00;6.23;11.90;0.00;0.00;0.00;0.00;5.88;0.00;3.83;0.00;0.00;4.92;0.00;0.60;0.00;3.80;0.00;0.00;3.80;0.00;0.00;0.00;2.72;0.00;1.36;0.00;0.00;2.21;0.00;0;0;1;0;1;0;0;1;0
136;45;6;180.00;1;0.33;745;314;700;0;1;3;2;3;7;4;16.62;0.00;16.67;15.10;35.35;17.18;0.00;16.72;18.82;2.08;15.10;0.00;0.00;1.62;15.10;3.72;15.10;2.40;0.00;9.37;23.52;9.37;6.37;0.00;9.97;9.97;0.40;1.30;0.70;1.30;0.00;1.70;1.50;4.08;0.00;2.04;0.44;0.68;0.85;0.00;1.29;1.12;1;0;1;1;1;1;0;1;1
137;50;3;275.00;0;1.00;900;322;700;1;2;2;1;2;6;1;19.77;0.00;17.77;0.00;31.80;21.05;0.00;20.30;22.80;5.95;15.10;0.00;0.00;5.20;15.10;7.70;15.10;1.80;0.00;9.72;0.00;9.72;6.37;0.00;10.32;10.32;1.00;0.00;0.50;1.30;0.00;2.30;1.60;1.63;0.00;2.04;0.00;0.68;1.60;0.00;1.46;1.12;1;0;1;0;1;1;0;1;1
138;40;10;60.00;0;0.00;745;419;513;1;0;0;2;0;3;5;0.00;0.00;0.00;0.00;32.17;0.00;0.00;17.78;18.37;0.00;0.00;0.00;0.00;4.18;13.60;4.77;13.60;0.00;0.00;0.00;0.00;3.72;0.00;0.00;13.68;13.68;0.00;0.00;0.30;0.00;0.00;5.50;3.80;0.00;0.00;0.00;0.00;1.36;0.00;0.00;2.21;2.21;0;0;0;0;1;0;0;1;1
139;45;1;30.00;0;1.00;750;704;33;1;1;0;1;1;3;5;0.00;0.00;7.10;4.68;12.53;0.00;0.00;0.00;0.00;0.00;0.00;0.00;0.00;0.00;0.00;0.00;0.00;0.00;0.00;7.92;13.43;9.72;0.00;0.00;0.00;0.00;0.20;1.30;0.10;0.00;0.00;0.00;0.00;0.00;0.00;2.04;0.44;0.68;0.00;0.00;0.00;0.00;0;0;1;1;1;0;0;0;0
140;45;2;32.00;0;1.00;758;709;33;1;3;0;1;1;3;4;12.58;0.00;0.00;11.50;26.57;0.00;0.00;0.00;0.00;0.00;0.00;0.00;0.00;0.00;0.00;0.00;0.00;1.80;0.00;0.00;8.77;8.40;0.00;0.00;0.00;0.00;0.00;1.30;0.30;0.00;0.00;0.00;0.00;2.14;0.00;0.00;0.44;0.68;0.00;0.00;0.00;0.00;1;0;0;1;1;0;0;0;0
141;44;3;85.00;0;0.00;750;318;511;0;0;0;2;1;3;5;0.00;0.00;0.00;0.00;14.67;0.00;0.00;10.22;10.77;0.00;0.00;0.00;0.00;1.72;8.50;2.27;8.50;0.00;0.00;0.00;0.00;7.20;0.00;0.00;4.08;4.08;0.00;0.00;0.20;0.00;0.00;5.50;3.40;0.00;0.00;0.00;0.00;1.36;0.00;0.00;2.21;2.21;0;0;0;0;1;0;0;1;1
142;48;2;120.00;1;1.00;830;710;33;1;2;1;1;2;4;4;14.17;0.00;11.50;12.80;25.40;0.00;0.00;0.00;0.00;0.00;0.00;0.00;0.00;0.00;0.00;0.00;0.00;0.97;0.00;5.40;7.57;5.40;0.00;0.00;0.00;0.00;0.40;1.30;0.70;0.00;0.00;0.00;0.00;0.88;0.00;2.04;0.44;0.68;0.00;0.00;0.00;0.00;1;0;1;1;1;0;0;0;0
143;48;2;60.00;1;0.50;805;709;33;1;1;0;1;2;3;4;0.00;0.00;12.87;11.50;26.57;0.00;0.00;0.00;0.00;0.00;0.00;0.00;0.00;0.00;0.00;0.00;0.00;0.00;0.00;5.52;5.77;5.52;0.00;0.00;0.00;0.00;0.40;1.30;0.30;0.00;0.00;0.00;0.00;0.00;0.00;2.04;0.44;0.68;0.00;0.00;0.00;0.00;0;0;1;1;1;0;0;0;0
144;48;2;150.00;0;1.00;740;328;700;0;1;0;2;1;6;3;0.00;16.77;19.52;0.00;27.78;0.00;31.12;16.48;17.68;0.00;0.00;16.02;15.10;1.38;15.10;2.58;15.10;0.00;2.40;7.92;0.00;7.92;0.00;5.40;9.23;9.23;0.80;0.00;0.90;0.00;1.30;2.08;1.70;0.00;0.48;2.04;0.00;0.68;0.00;0.44;1.46;1.12;0;1;1;0;1;0;1;1;1
145;45;4;85.00;0;0.50;800;403;512;1;1;1;2;2;6;5;12.83;0.00;10.28;0.00;17.38;13.22;0.00;15.20;15.60;1.82;11.40;0.00;0.00;2.50;12.70;4.20;11.40;5.40;0.00;6.83;0.00;1.32;3.12;0.00;4.92;4.92;0.60;0.00;0.70;3.20;0.00;3.80;4.20;3.77;0.00;2.72;0.00;1.36;1.77;0.00;2.21;2.21;1;0;1;0;1;1;0;1;1
146;45;2;39.00;0;0.00;700;414;512;1;0;0;1;0;3;5;0.00;0.00;0.00;0.00;25.48;0.00;0.00;21.38;25.32;0.00;0.00;0.00;0.00;8.68;12.70;12.62;12.70;0.00;0.00;0.00;0.00;6.00;0.00;0.00;9.37;9.37;0.00;0.00;0.70;0.00;0.00;3.80;3.50;0.00;0.00;0.00;0.00;1.36;0.00;0.00;2.21;2.21;0;0;0;0;1;0;0;1;1
147;50;6;80.00;1;0.50;820;213;512;1;1;3;2;2;6;5;3.52;4.38;0.00;0.00;3.93;5.45;9.17;0.00;6.75;1.75;3.70;5.47;3.70;0.00;0.00;3.05;3.70;7.20;0.00;0.00;0.00;5.63;4.32;3.12;0.00;3.23;0.00;0.00;0.10;3.20;3.20;0.00;3.70;1.94;0.37;0.00;0.00;1.36;1.80;0.85;0.00;2.21;1;1;0;0;1;1;1;0;1
148;48;2;300.00;0;1.00;830;315;701;0;2;0;2;2;8;2;13.88;15.37;13.33;0.00;27.80;17.42;31.73;16.00;18.90;3.42;14.00;17.73;14.00;2.00;14.00;4.90;14.00;3.37;0.60;11.77;0.00;12.00;2.03;2.03;12.23;12.23;0.40;0.00;0.70;1.30;1.30;1.70;1.50;5.20;0.58;1.70;0.00;0.68;1.36;0.44;1.46;1.12;1;1;1;0;1;1;1;1;1
149;65;4;45.00;1;0.00;800;405;512;1;0;2;1;0;4;5;0.00;0.00;16.57;0.00;19.97;0.00;0.00;17.28;16.55;0.00;0.00;0.00;0.00;4.58;12.70;5.15;11.40;0.00;0.00;10.32;0.00;5.17;0.00;0.00;5.63;5.63;2.30;0.00;1.10;0.00;0.00;5.50;4.10;0.00;0.00;3.40;0.00;1.36;0.00;0.00;2.21;2.21;0;0;1;0;1;0;0;1;1
150;40;4;13.00;0;0.00;750;316;512;1;0;1;1;0;3;5;0.00;0.00;0.00;0.00;17.42;0.00;0.00;13.00;13.60;0.00;0.00;0.00;0.00;4.90;8.10;5.50;8.10;0.00;0.00;0.00;0.00;8.17;0.00;0.00;3.60;3.60;0.00;0.00;4.50;0.00;0.00;3.60;5.00;0.00;0.00;0.00;0.00;1.36;0.00;0.00;2.21;2.21;0;0;0;0;1;0;0;1;1
151;40;5;40.00;0;0.50;815;502;113;1;1;2;2;2;4;4;13.17;13.17;0.00;11.40;14.27;0.00;0.00;0.00;0.00;0.00;0.00;0.00;0.00;0.00;0.00;0.00;0.00;5.40;0.00;0.00;10.57;7.43;0.00;0.00;0.00;0.00;0.00;3.20;0.20;0.00;0.00;0.00;0.00;3.64;1.29;0.00;0.85;1.36;0.00;0.00;0.00;0.00;1;1;0;1;1;0;0;0;0
152;40;5;120.00;1;0.25;810;306;115;0;1;2;2;4;5;4;7.62;7.62;7.27;6.50;11.80;0.00;0.00;0.00;0.00;0.00;0.00;0.00;0.00;0.00;0.00;0.00;0.00;5.40;0.00;8.28;18.37;6.23;0.00;0.00;0.00;0.00;0.40;2.00;0.70;0.00;0.00;0.00;0.00;2.75;0.88;2.72;0.44;1.36;0.00;0.00;0.00;0.00;1;1;1;1;1;0;0;0;0
153;45;8;60.00;0;0.00;740;314;113;0;0;1;5;0;2;4;0.00;0.00;0.00;8.50;11.53;0.00;0.00;0.00;0.00;0.00;0.00;0.00;0.00;0.00;0.00;0.00;0.00;0.00;0.00;0.00;5.17;2.70;0.00;0.00;0.00;0.00;0.00;3.20;0.20;0.00;0.00;0.00;0.00;0.00;0.00;0.00;0.85;1.36;0.00;0.00;0.00;0.00;0;0;0;1;1;0;0;0;0
154;50;4;35.00;1;0.00;745;402;511;1;0;2;1;0;3;5;0.00;0.00;0.00;0.00;19.95;0.00;0.00;14.83;16.67;0.00;0.00;0.00;0.00;5.33;9.50;7.17;9.50;0.00;0.00;0.00;0.00;7.68;0.00;0.00;8.77;8.77;0.00;0.00;2.00;0.00;0.00;5.50;4.00;0.00;0.00;0.00;0.00;1.36;0.00;0.00;2.21;2.21;0;0;0;0;1;0;0;1;1
155;48;1;12.00;1;0.00;730;403;511;1;0;0;1;1;4;5;0.00;0.00;10.10;0.00;13.72;0.00;0.00;15.28;16.08;0.00;0.00;0.00;0.00;3.38;11.90;5.48;10.60;0.00;0.00;7.43;0.00;10.80;0.00;0.00;8.28;8.28;0.60;0.00;0.70;0.00;0.00;3.80;4.20;0.00;0.00;3.40;0.00;1.70;0.00;0.00;2.21;2.21;0;0;1;0;1;0;0;1;1
156;44;2;120.00;1;1.00;800;504;113;1;1;0;1;1;3;1;9.20;0.00;0.00;7.30;10.37;0.00;0.00;0.00;0.00;0.00;0.00;0.00;0.00;0.00;0.00;0.00;0.00;2.40;0.00;0.00;9.00;6.48;0.00;0.00;0.00;0.00;0.00;3.20;0.20;0.00;0.00;0.00;0.00;2.35;0.00;0.00;0.85;1.36;0.00;0.00;0.00;0.00;1;0;0;1;1;0;0;0;0
157;40;4;180.00;1;1.00;830;505;701;0;3;1;1;3;5;5;14.23;14.23;12.97;0.00;23.02;16.10;0.00;0.00;0.00;5.70;10.40;0.00;0.00;0.00;0.00;0.00;0.00;4.57;4.57;5.40;0.00;5.40;7.20;0.00;0.00;0.00;0.50;0.00;0.60;1.30;0.00;0.00;0.00;0.85;0.44;1.70;0.00;0.68;1.46;0.00;0.00;0.00;1;1;1;0;1;1;0;0;0
158;45;7;150.00;1;0.80;820;330;701;0;4;1;4;5;5;7;14.18;14.18;11.93;0.00;0.00;13.20;26.18;0.00;0.00;1.50;11.70;14.48;11.70;0.00;0.00;0.00;0.00;0.60;0.60;12.48;0.00;0.00;7.20;7.20;0.00;0.00;0.40;0.00;0.00;1.30;1.30;0.00;0.00;1.09;0.54;2.04;0.00;0.00;0.85;0.44;0.00;0.00;1;1;1;0;0;1;1;0;0
159;48;3;190.00;0;1.00;820;522;700;0;2;0;2;2;8;6;21.37;21.37;23.68;0.00;39.22;20.92;23.83;24.03;28.20;5.82;15.10;8.73;15.10;8.93;15.10;13.10;15.10;0.72;0.72;0.97;0.00;2.88;5.17;5.17;1.32;3.12;0.50;0.00;1.60;1.30;1.30;1.80;2.60;2.48;0.88;1.70;0.00;0.68;2.86;0.48;1.46;1.05;1;1;1;0;1;1;1;1;1
160;48;2;28.00;1;0.00;800;405;511;1;0;0;1;0;3;5;0.00;0.00;0.00;0.00;23.08;0.00;0.00;16.10;15.20;0.00;0.00;0.00;0.00;4.20;11.90;4.60;10.60;0.00;0.00;0.00;0.00;10.08;0.00;0.00;4.92;4.92;0.00;0.00;0.20;0.00;0.00;3.70;4.10;0.00;0.00;0.00;0.00;1.36;0.00;0.00;1.87;2.21;0;0;0;0;1;0;0;1;1
161;45;4;100.00;0;0.00;815;314;117;0;0;1;2;2;2;4;0.00;0.00;0.00;8.10;10.70;0.00;0.00;0.00;0.00;0.00;0.00;0.00;0.00;0.00;0.00;0.00;0.00;0.00;0.00;0.00;7.20;5.77;0.00;0.00;0.00;0.00;0.00;3.20;0.20;0.00;0.00;0.00;0.00;0.00;0.00;0.00;0.75;1.36;0.00;0.00;0.00;0.00;0;0;0;1;1;0;0;0;0
162;45;5;90.00;1;1.00;825;318;113;1;1;3;1;1;4;4;14.63;15.48;0.00;11.20;14.13;0.00;0.00;0.00;0.00;0.00;0.00;0.00;0.00;0.00;0.00;0.00;0.00;4.57;0.00;0.00;12.72;14.40;0.00;0.00;0.00;0.00;0.00;3.20;0.20;0.00;0.00;0.00;0.00;5.95;1.84;0.00;0.85;1.36;0.00;0.00;0.00;0.00;1;1;0;1;1;0;0;0;0
163;48;6;40.00;0;0.00;815;502;117;1;0;2;2;0;2;4;0.00;0.00;0.00;10.30;13.97;0.00;0.00;0.00;0.00;0.00;0.00;0.00;0.00;0.00;0.00;0.00;0.00;0.00;0.00;0.00;6.72;3.60;0.00;0.00;0.00;0.00;0.00;3.20;0.20;0.00;0.00;0.00;0.00;0.00;0.00;0.00;0.75;1.36;0.00;0.00;0.00;0.00;0;0;0;1;1;0;0;0;0
164;45;3;45.00;0;0.50;830;307;103;0;1;0;1;2;4;5;7.58;7.58;0.00;6.40;14.48;0.00;0.00;0.00;0.00;0.00;0.00;0.00;0.00;0.00;0.00;0.00;0.00;5.40;0.00;0.00;18.23;6.37;0.00;0.00;0.00;0.00;0.00;3.20;1.30;0.00;0.00;0.00;0.00;2.96;0.95;0.00;0.85;1.36;0.00;0.00;0.00;0.00;1;1;0;1;1;0;0;0;0
165;48;4;90.00;0;1.00;915;306;103;1;2;1;1;2;5;1;6.82;6.75;12.33;6.40;11.77;0.00;0.00;0.00;0.00;0.00;0.00;0.00;0.00;0.00;0.00;0.00;0.00;0.72;0.00;4.80;15.23;6.00;0.00;0.00;0.00;0.00;0.40;3.20;5.00;0.00;0.00;0.00;0.00;1.63;0.82;2.72;0.85;1.36;0.00;0.00;0.00;0.00;1;1;1;1;1;0;0;0;0
166;44;4;66.00;0;0.50;745;401;511;1;1;2;2;2;5;5;0.00;12.22;0.00;0.00;16.82;0.00;23.47;13.10;13.77;0.00;0.00;13.97;9.50;3.60;9.50;4.27;9.50;0.00;0.00;0.00;0.00;8.17;0.00;1.43;4.08;4.08;0.00;0.00;3.50;0.00;3.20;3.60;4.00;0.00;1.36;0.00;0.00;1.36;0.00;0.88;2.21;2.21;0;1;0;0;1;0;1;1;1
167;44;3;40.00;0;0.00;815;315;514;1;0;1;2;0;4;5;0.00;0.00;11.33;0.00;18.17;0.00;0.00;13.70;14.10;0.00;0.00;0.00;0.00;3.82;9.88;4.22;9.88;0.00;0.00;14.40;0.00;8.77;0.00;0.00;4.92;4.92;2.30;0.00;0.20;0.00;0.00;5.50;5.00;0.00;0.00;2.72;0.00;1.36;0.00;0.00;2.21;2.21;0;0;1;0;1;0;0;1;1
168;70;5;150.00;1;0.75;715;411;700;1;3;3;1;4;7;1;13.68;13.68;13.73;0.00;20.63;21.03;0.00;20.85;22.93;5.93;15.10;0.00;0.00;5.75;15.10;7.83;15.10;7.80;7.80;8.03;0.00;8.17;1.80;0.00;9.48;9.48;0.50;0.00;1.60;1.30;0.00;1.80;4.30;1.16;0.58;1.70;0.00;0.68;1.50;0.00;1.46;1.12;1;1;1;0;1;1;0;1;1
169;48;6;40.00;1;0.00;755;401;511;1;0;2;1;0;3;5;0.00;0.00;0.00;0.00;15.77;0.00;0.00;12.30;12.60;0.00;0.00;0.00;0.00;2.80;9.50;3.10;9.50;0.00;0.00;0.00;0.00;4.20;0.00;0.00;9.37;9.37;0.00;0.00;0.20;0.00;0.00;5.50;4.00;0.00;0.00;0.00;0.00;1.36;0.00;0.00;2.21;2.21;0;0;0;0;1;0;0;1;1
170;48;2;140.00;1;0.50;810;709;701;0;1;0;2;2;4;4;0.00;13.02;10.90;10.40;23.43;0.00;0.00;0.00;0.00;0.00;0.00;0.00;0.00;0.00;0.00;0.00;0.00;0.00;13.57;3.23;5.40;3.23;0.00;0.00;0.00;0.00;0.30;1.30;0.30;0.00;0.00;0.00;0.00;0.00;0.20;1.70;0.44;0.68;0.00;0.00;0.00;0.00;0;1;1;1;1;0;0;0;0
171;54;5;50.00;1;0.00;830;401;514;1;0;2;1;0;3;5;0.00;0.00;0.00;0.00;21.68;0.00;0.00;16.27;17.38;0.00;0.00;0.00;0.00;4.17;12.10;6.28;11.10;0.00;0.00;0.00;0.00;10.20;0.00;0.00;6.37;6.37;0.00;0.00;0.20;0.00;0.00;5.50;6.70;0.00;0.00;0.00;0.00;1.36;0.00;0.00;2.04;2.21;0;0;0;0;1;0;0;1;1
172;44;1;7.74;1;0.00;700;509;701;1;0;0;1;1;2;5;0.00;0.00;12.02;0.00;19.07;0.00;0.00;0.00;0.00;0.00;0.00;0.00;0.00;0.00;0.00;0.00;0.00;0.00;0.00;15.23;0.00;6.60;0.00;0.00;0.00;0.00;0.50;0.00;2.30;0.00;0.00;0.00;0.00;0.00;0.00;1.70;0.00;0.68;0.00;0.00;0.00;0.00;0;0;1;0;1;0;0;0;0
173;40;4;10.74;1;0.50;740;404;701;1;1;0;1;2;7;5;0.00;7.08;8.47;0.00;17.52;11.83;19.42;8.47;10.53;4.03;7.80;11.62;7.80;3.37;5.10;2.73;7.80;0.00;14.52;20.52;0.00;6.37;5.17;5.17;6.97;6.97;0.30;0.00;0.90;1.30;1.30;1.60;2.10;0.00;0.20;1.70;0.00;0.68;1.19;0.44;1.46;1.12;0;1;1;0;1;1;1;1;1
174;48;4;160.00;1;1.00;800;111;701;1;2;2;2;2;8;6;10.55;10.55;14.62;0.00;27.93;14.82;17.73;17.70;19.70;7.02;7.80;9.93;7.80;3.70;14.00;5.70;14.00;14.52;14.52;9.07;0.00;12.18;6.12;6.12;6.53;6.53;1.00;0.00;1.60;1.30;1.30;2.30;3.00;3.91;0.58;1.70;0.00;0.68;3.13;0.48;1.12;1.05;1;1;1;0;1;1;1;1;1
175;52;8;200.00;1;0.83;830;417;701;0;5;0;5;6;7;6;14.13;0.00;17.12;0.00;22.58;16.17;23.07;14.60;14.90;7.07;9.10;13.97;9.10;9.50;5.10;9.80;5.10;14.52;0.00;8.17;0.00;9.72;5.77;5.77;9.97;9.97;0.80;0.00;0.90;1.30;1.30;2.08;2.00;3.67;0.00;1.70;0.00;0.68;5.75;0.48;2.14;1.12;1;0;1;0;1;1;1;1;1
176;48;5;36.00;0;1.00;725;516;701;1;1;2;2;1;4;5;0.00;0.00;17.85;0.00;24.82;0.00;0.00;20.78;25.30;0.00;0.00;0.00;0.00;6.78;14.00;11.30;14.00;0.00;0.00;4.57;0.00;2.63;0.00;0.00;9.00;9.00;0.50;0.00;3.00;0.00;0.00;1.80;2.30;0.00;0.00;1.70;0.00;0.61;0.00;0.00;1.46;1.05;0;0;1;0;1;0;0;1;1
177;60;5;53.00;1;0.00;800;405;512;1;0;1;3;0;3;5;0.00;0.00;0.00;0.00;22.65;0.00;0.00;16.00;16.00;0.00;0.00;0.00;0.00;4.60;11.40;4.60;11.40;0.00;0.00;0.00;0.00;3.83;0.00;0.00;3.72;3.72;0.00;0.00;0.20;0.00;0.00;4.50;4.10;0.00;0.00;0.00;0.00;1.36;0.00;0.00;1.70;2.21;0;0;0;0;1;0;0;1;1
178;44;4;65.00;0;0.50;815;118;700;1;1;2;2;2;8;9;14.87;14.87;20.22;0.00;35.17;19.87;31.43;19.85;21.45;4.77;15.10;16.33;15.10;4.75;15.10;12.57;8.88;0.60;0.60;8.88;0.00;8.88;5.88;5.88;9.97;9.97;0.60;0.00;1.60;1.30;1.30;1.90;2.00;2.18;0.75;2.04;0.00;0.68;1.43;0.44;2.48;1.12;1;1;1;0;1;1;1;1;1
179;44;2;185.00;1;0.50;825;311;700;1;1;0;2;2;5;4;14.65;0.00;12.73;12.80;27.00;13.40;0.00;0.00;0.00;0.60;12.80;0.00;0.00;0.00;0.00;0.00;0.00;2.17;0.00;9.23;13.43;9.48;5.40;0.00;0.00;0.00;0.40;1.30;0.70;1.30;0.00;0.00;0.00;1.12;0.00;1.70;0.44;0.68;1.19;0.00;0.00;0.00;1;0;1;1;1;1;0;0;0
180;50;2;24.00;0;0.00;750;502;110;1;0;0;2;0;2;4;0.00;0.00;0.00;8.70;13.70;0.00;0.00;0.00;0.00;0.00;0.00;0.00;0.00;0.00;0.00;0.00;0.00;0.00;0.00;0.00;18.72;3.37;0.00;0.00;0.00;0.00;0.00;2.00;0.20;0.00;0.00;0.00;0.00;0.00;0.00;0.00;0.37;1.36;0.00;0.00;0.00;0.00;0;0;0;1;1;0;0;0;0
181;48;4;180.00;0;1.00;810;313;511;0;2;0;2;2;5;4;10.77;11.27;9.77;8.50;11.62;0.00;0.00;0.00;0.00;0.00;0.00;0.00;0.00;0.00;0.00;0.00;0.00;8.40;0.00;15.37;10.57;14.17;0.00;0.00;0.00;0.00;0.50;3.20;0.70;0.00;0.00;0.00;0.00;6.56;1.33;2.72;0.75;1.36;0.00;0.00;0.00;0.00;1;1;1;1;1;0;0;0;0
182;44;2;20.00;1;1.00;720;408;700;1;1;0;1;1;5;1;11.07;0.00;13.28;0.00;16.88;14.08;0.00;0.00;14.70;2.58;11.50;0.00;0.00;0.00;0.00;3.20;11.50;9.37;0.00;5.22;0.00;5.33;5.40;0.00;0.00;10.50;0.80;0.00;0.90;1.30;0.00;0.00;1.90;3.74;0.00;1.70;0.00;0.68;1.36;0.00;0.00;1.12;1;0;1;0;1;1;0;0;1
183;48;2;50.00;1;0.00;745;315;511;1;0;1;1;0;3;5;0.00;0.00;0.00;0.00;15.10;0.00;0.00;11.48;12.05;0.00;0.00;0.00;0.00;4.18;7.30;4.75;7.30;0.00;0.00;0.00;0.00;2.88;0.00;0.00;8.17;8.17;0.00;0.00;1.80;0.00;0.00;5.50;5.00;0.00;0.00;0.00;0.00;1.36;0.00;0.00;2.21;2.21;0;0;0;0;1;0;0;1;1
184;60;5;55.00;1;0.00;810;314;107;1;0;3;2;0;2;5;0.00;0.00;0.00;9.30;11.98;0.00;0.00;0.00;0.00;0.00;0.00;0.00;0.00;0.00;0.00;0.00;0.00;0.00;0.00;0.00;14.17;7.20;0.00;0.00;0.00;0.00;0.00;3.20;0.20;0.00;0.00;0.00;0.00;0.00;0.00;0.00;0.85;1.36;0.00;0.00;0.00;0.00;0;0;0;1;1;0;0;0;0
185;45;2;25.00;1;0.00;800;407;512;1;0;0;1;0;3;5;0.00;0.00;0.00;0.00;23.02;0.00;0.00;18.83;19.52;0.00;0.00;0.00;0.00;7.43;11.40;8.12;11.40;0.00;0.00;0.00;0.00;4.57;0.00;0.00;9.60;9.60;0.00;0.00;1.30;0.00;0.00;3.60;4.50;0.00;0.00;0.00;0.00;1.36;0.00;0.00;1.87;2.21;0;0;0;0;1;0;0;1;1
186;45;6;84.00;0;0.00;820;504;107;0;0;2;3;2;2;4;0.00;0.00;0.00;8.10;11.13;0.00;0.00;0.00;0.00;0.00;0.00;0.00;0.00;0.00;0.00;0.00;0.00;0.00;0.00;0.00;9.97;4.68;0.00;0.00;0.00;0.00;0.00;3.20;0.20;0.00;0.00;0.00;0.00;0.00;0.00;0.00;0.75;1.36;0.00;0.00;0.00;0.00;0;0;0;1;1;0;0;0;0
187;40;5;110.00;0;0.66;740;409;701;1;2;0;2;3;5;6;17.30;0.00;20.28;0.00;29.05;16.77;0.00;0.00;16.80;2.77;14.00;0.00;0.00;0.00;0.00;2.80;14.00;1.20;0.00;6.60;0.00;6.83;12.12;0.00;0.00;16.57;0.80;0.00;0.90;1.30;0.00;0.00;1.70;4.05;0.00;1.70;0.00;0.68;0.88;0.00;0.00;1.05;1;0;1;0;1;1;0;0;1
188;48;3;160.00;1;1.00;815;313;511;1;2;1;2;2;7;1;6.97;7.47;6.58;0.00;12.67;9.92;13.67;10.00;0.00;2.62;7.30;6.37;7.30;2.70;7.30;0.00;0.00;2.17;0.00;6.60;0.00;3.48;5.77;4.57;7.57;0.00;0.50;0.00;5.00;3.20;3.20;3.70;0.00;8.74;1.53;2.72;0.00;1.36;2.24;0.88;2.21;0.00;1;1;1;0;1;1;1;1;0
189;40;6;150.00;1;0.66;745;102;700;0;2;4;3;3;6;5;9.25;9.25;7.50;0.00;14.57;18.27;23.17;0.00;0.00;9.38;8.88;14.28;8.88;0.00;0.00;0.00;0.00;1.20;1.20;4.43;0.00;9.72;6.97;6.97;0.00;0.00;0.60;0.00;1.50;1.30;1.30;0.00;0.00;0.51;0.24;2.04;0.00;0.61;1.67;0.48;0.00;0.00;1;1;1;0;1;1;1;0;0
190;44;6;67.00;1;1.00;745;322;700;1;2;4;1;2;5;9;20.18;0.00;0.00;0.00;38.03;21.08;0.00;19.68;23.23;5.98;15.10;0.00;0.00;4.58;15.10;8.13;15.10;1.20;0.00;0.00;0.00;10.43;6.97;0.00;10.68;10.68;0.00;0.00;0.50;1.30;0.00;1.90;1.60;5.17;0.00;0.00;0.00;0.68;1.63;0.00;1.29;1.05;1;0;0;0;1;1;0;1;1
191;45;2;80.00;0;1.00;745;321;700;1;1;0;1;1;8;6;17.03;17.03;18.98;0.00;35.82;18.88;20.78;18.90;21.40;6.08;12.80;7.98;12.80;3.80;15.10;6.30;15.10;3.97;3.97;7.13;0.00;7.38;6.97;6.97;7.50;7.62;1.00;0.00;0.50;1.30;1.30;2.30;1.60;3.94;0.68;2.04;0.00;0.61;1.97;0.48;1.80;1.05;1;1;1;0;1;1;1;1;1
192;48;5;40.00;1;1.00;800;400;511;1;1;3;1;1;6;1;10.77;0.00;8.20;0.00;14.03;11.73;0.00;11.97;13.78;2.23;9.50;0.00;0.00;2.47;9.50;4.28;9.50;8.40;0.00;10.80;0.00;3.83;5.77;0.00;6.00;6.00;0.50;0.00;0.70;3.20;0.00;3.70;3.80;2.86;0.00;2.72;0.00;1.36;1.94;0.00;2.21;2.21;1;0;1;0;1;1;0;1;1
193;40;3;60.00;0;1.00;805;502;701;1;1;0;3;1;6;3;0.00;12.85;11.48;0.00;22.53;0.00;15.57;10.77;11.50;0.00;0.00;7.77;7.80;2.97;7.80;3.70;7.80;0.00;6.23;5.88;0.00;6.00;0.00;8.63;10.68;10.68;0.50;0.00;0.60;0.00;1.30;1.80;2.10;0.00;0.34;1.70;0.00;0.61;0.00;0.44;1.46;1.12;0;1;1;0;1;0;1;1;1
194;45;4;85.00;1;1.00;800;315;702;1;2;2;1;2;7;9;0.00;13.28;14.65;0.00;32.07;15.75;24.37;14.80;17.70;2.95;12.80;11.57;12.80;2.00;12.80;4.90;12.80;0.00;6.97;12.00;0.00;12.12;9.23;9.23;15.00;15.00;0.40;0.00;0.70;1.30;1.30;1.70;1.50;0.00;0.54;2.04;0.00;0.68;1.02;0.44;1.29;1.05;0;1;1;0;1;1;1;1;1
195;44;2;150.00;1;1.00;745;405;28;0;2;0;2;2;5;1;14.33;14.33;11.02;6.60;16.90;0.00;0.00;0.00;0.00;0.00;0.00;0.00;0.00;0.00;0.00;0.00;0.00;0.23;0.23;9.72;16.08;9.83;0.00;0.00;0.00;0.00;0.80;1.30;0.90;0.00;0.00;0.00;0.00;0.71;0.34;1.70;0.44;0.68;0.00;0.00;0.00;0.00;1;1;1;1;1;0;0;0;0
196;45;5;120.00;1;0.50;745;503;701;1;1;2;1;2;7;5;16.38;16.38;12.98;0.00;25.73;17.32;19.62;0.00;17.80;6.92;10.40;9.22;10.40;0.00;0.00;8.70;9.10;6.12;6.12;4.80;0.00;4.92;8.63;8.63;0.00;15.83;0.50;0.00;0.60;1.30;1.30;0.00;1.80;4.42;0.51;1.70;0.00;0.68;1.60;0.48;0.00;1.12;1;1;1;0;1;1;1;0;1
197;48;4;23.00;1;0.00;740;414;511;0;0;0;1;0;4;5;0.00;0.00;15.03;0.00;21.98;0.00;0.00;15.20;16.70;0.00;0.00;0.00;0.00;3.30;11.90;4.80;11.90;0.00;0.00;10.57;0.00;12.37;0.00;0.00;11.52;11.52;1.30;0.00;1.30;0.00;0.00;4.50;3.50;0.00;0.00;3.40;0.00;1.70;0.00;0.00;2.21;2.21;0;0;1;0;1;0;0;1;1
198;48;5;150.00;0;0.66;750;712;31;0;2;3;1;3;4;4;15.57;0.00;13.88;14.00;28.68;0.00;0.00;0.00;0.00;0.00;0.00;0.00;0.00;0.00;0.00;0.00;0.00;2.63;0.00;15.83;18.83;15.97;0.00;0.00;0.00;0.00;0.40;1.30;0.70;0.00;0.00;0.00;0.00;4.56;0.00;2.04;0.48;0.68;0.00;0.00;0.00;0.00;1;0;1;1;1;0;0;0;0
199;48;5;85.00;0;0.66;730;111;701;1;2;3;1;3;6;6;13.85;13.85;0.00;0.00;0.00;18.72;28.90;18.18;20.42;5.82;12.90;16.00;12.90;4.18;14.00;6.42;14.00;6.23;6.23;0.00;0.00;0.00;8.63;8.63;12.23;12.23;0.00;0.00;0.00;1.30;1.30;1.70;3.00;4.32;0.44;0.00;0.00;0.00;1.46;0.48;1.50;1.05;1;1;0;0;0;1;1;1;1
200;48;3;33.00;0;0.00;750;306;110;1;0;0;1;0;2;5;0.00;0.00;8.58;0.00;14.93;0.00;0.00;0.00;0.00;0.00;0.00;0.00;0.00;0.00;0.00;0.00;0.00;0.00;0.00;7.92;0.00;1.92;0.00;0.00;0.00;0.00;0.40;0.00;0.50;0.00;0.00;0.00;0.00;0.00;0.00;2.72;0.00;1.36;0.00;0.00;0.00;0.00;0;0;1;0;1;0;0;0;0
201;40;4;80.00;0;0.00;715;122;701;1;0;3;1;0;6;5;0.00;17.23;15.30;0.00;27.33;0.00;32.48;22.43;26.95;0.00;0.00;18.48;14.00;8.43;14.00;12.95;14.00;0.00;6.23;6.37;0.00;9.23;0.00;8.63;10.08;10.08;0.60;0.00;6.00;0.00;1.30;1.90;2.90;0.00;0.71;2.04;0.00;0.65;0.00;0.48;1.63;1.12;0;1;1;0;1;0;1;1;1
202;55;2;150.00;1;0.50;800;517;701;1;1;0;1;2;8;8;24.05;24.05;21.20;0.00;39.07;19.92;21.43;21.17;25.60;5.92;14.00;7.43;14.00;7.17;14.00;11.60;14.00;7.92;7.92;4.08;0.00;4.20;8.63;8.63;8.88;8.88;0.50;0.00;1.60;1.30;1.30;1.80;2.60;4.49;0.88;1.70;0.00;0.68;1.84;0.48;1.46;1.12;1;1;1;0;1;1;1;1;1
203;45;5;55.00;1;0.50;750;318;107;1;1;3;1;2;4;4;12.17;12.17;0.00;8.70;13.12;0.00;0.00;0.00;0.00;0.00;0.00;0.00;0.00;0.00;0.00;0.00;0.00;5.40;0.97;0.00;21.72;7.57;0.00;0.00;0.00;0.00;0.00;2.00;0.20;0.00;0.00;0.00;0.00;3.57;1.26;0.00;0.37;1.36;0.00;0.00;0.00;0.00;1;1;0;1;1;0;0;0;0
204;45;7;80.00;1;0.50;755;502;107;1;1;4;2;2;4;4;13.08;13.08;0.00;9.80;14.67;0.00;0.00;0.00;0.00;0.00;0.00;0.00;0.00;0.00;0.00;0.00;0.00;5.40;0.97;0.00;17.17;1.57;0.00;0.00;0.00;0.00;0.00;2.00;0.20;0.00;0.00;0.00;0.00;3.74;1.36;0.00;0.37;1.36;0.00;0.00;0.00;0.00;1;1;0;1;1;0;0;0;0
205;40;2;50.00;0;0.00;745;120;702;1;0;0;2;0;6;7;0.00;14.05;19.27;0.00;33.13;0.00;27.40;19.68;23.33;0.00;0.00;22.20;5.20;6.88;12.80;10.53;12.80;0.00;2.40;3.00;0.00;3.23;0.00;3.97;3.37;3.48;0.60;0.00;0.80;0.00;1.30;1.90;2.90;0.00;0.65;2.04;0.00;0.68;0.00;0.48;1.46;1.12;0;1;1;0;1;0;1;1;1
206;50;4;140.00;1;0.33;820;711;701;1;1;0;2;3;4;4;14.82;0.00;11.53;12.90;24.42;0.00;0.00;0.00;0.00;0.00;0.00;0.00;0.00;0.00;0.00;0.00;0.00;6.83;0.00;10.68;10.68;10.68;0.00;0.00;0.00;0.00;0.40;1.30;0.70;0.00;0.00;0.00;0.00;2.82;0.00;2.04;0.44;0.68;0.00;0.00;0.00;0.00;1;0;1;1;1;0;0;0;0
207;50;2;100.00;1;0.50;800;502;701;1;1;0;1;2;6;5;0.00;0.00;10.78;0.00;22.18;12.42;18.07;12.82;12.03;4.62;7.80;10.27;7.80;3.72;9.10;4.23;7.80;0.00;0.00;5.63;0.00;1.80;0.60;0.60;2.03;2.03;0.50;0.00;0.60;1.30;1.30;1.80;2.10;0.00;0.00;1.70;0.00;0.68;0.99;0.44;1.46;1.02;0;0;1;0;1;1;1;1;1
208;48;4;49.00;1;1.00;830;504;113;1;1;2;1;1;4;4;9.08;9.68;0.00;8.10;11.17;0.00;0.00;0.00;0.00;0.00;0.00;0.00;0.00;0.00;0.00;0.00;0.00;7.20;0.00;0.00;1.92;0.23;0.00;0.00;0.00;0.00;0.00;3.20;0.20;0.00;0.00;0.00;0.00;5.44;0.71;0.00;0.75;1.36;0.00;0.00;0.00;0.00;1;1;0;1;1;0;0;0;0
209;48;4;100.00;0;0.00;805;511;701;0;0;2;2;1;4;9;0.00;0.00;16.17;0.00;30.38;0.00;0.00;17.30;19.00;0.00;0.00;0.00;0.00;3.30;14.00;5.00;14.00;0.00;0.00;3.97;0.00;4.08;0.00;0.00;4.20;4.32;0.50;0.00;0.60;0.00;0.00;1.80;1.80;0.00;0.00;1.70;0.00;0.68;0.00;0.00;1.50;1.26;0;0;1;0;1;0;0;1;1
210;45;4;100.00;1;0.25;745;310;512;1;1;2;2;4;6;1;6.13;6.63;6.20;0.00;12.93;8.37;15.25;0.00;0.00;1.17;7.20;8.05;7.20;0.00;0.00;0.00;0.00;7.92;0.00;7.08;0.00;2.52;4.32;3.12;0.00;0.00;0.40;0.00;0.50;3.20;3.20;0.00;0.00;8.67;1.05;1.36;0.00;1.36;1.70;0.85;0.00;0.00;1;1;1;0;1;1;1;0;0
211;48;7;70.00;0;0.33;820;318;113;0;1;2;2;3;3;4;0.00;10.93;0.00;10.30;12.40;0.00;0.00;0.00;0.00;0.00;0.00;0.00;0.00;0.00;0.00;0.00;0.00;0.00;0.00;0.00;6.00;1.08;0.00;0.00;0.00;0.00;0.00;3.20;0.20;0.00;0.00;0.00;0.00;0.00;1.19;0.00;0.75;1.36;0.00;0.00;0.00;0.00;0;1;0;1;1;0;0;0;0
212;48;5;70.00;1;1.00;815;419;512;1;1;2;2;1;5;8;16.87;0.00;0.00;0.00;19.72;16.05;0.00;16.00;16.20;3.35;12.70;0.00;0.00;3.30;12.70;3.50;12.70;5.40;0.00;0.00;0.00;1.43;4.57;0.00;4.32;4.32;0.00;0.00;1.30;3.20;0.00;3.60;3.80;5.10;0.00;0.00;0.00;1.36;2.28;0.00;1.94;2.11;1;0;0;0;1;1;0;1;1
213;48;5;90.00;0;0.50;820;502;110;1;1;2;2;2;4;4;13.37;13.27;0.00;11.40;14.53;0.00;0.00;0.00;0.00;0.00;0.00;0.00;0.00;0.00;0.00;0.00;0.00;5.40;0.00;0.00;12.00;5.52;0.00;0.00;0.00;0.00;0.00;3.20;0.20;0.00;0.00;0.00;0.00;3.74;1.29;0.00;0.85;1.36;0.00;0.00;0.00;0.00;1;1;0;1;1;0;0;0;0
214;48;4;100.00;0;1.00;830;210;110;0;2;1;1;2;2;5;0.00;3.73;0.00;0.00;3.47;0.00;0.00;0.00;0.00;0.00;0.00;0.00;0.00;0.00;0.00;0.00;0.00;0.00;0.00;0.00;0.00;2.77;0.00;0.00;0.00;0.00;0.00;0.00;0.10;0.00;0.00;0.00;0.00;0.00;0.27;0.00;0.00;1.36;0.00;0.00;0.00;0.00;0;1;0;0;1;0;0;0;0
215;50;5;60.00;1;1.00;750;57;701;1;1;2;1;1;8;5;7.17;7.17;5.93;0.00;10.82;6.73;16.35;5.10;6.10;3.13;3.60;12.75;3.60;3.90;1.20;2.50;3.60;5.63;5.63;12.12;0.00;12.23;5.77;5.77;12.83;12.83;0.50;0.00;1.20;1.30;1.30;1.80;1.60;0.24;0.10;1.70;0.00;0.61;1.19;0.44;1.46;1.05;1;1;1;0;1;1;1;1;1
216;40;5;100.00;0;0.00;800;501;701;0;0;2;2;1;4;5;0.00;11.32;9.17;0.00;15.97;0.00;0.00;0.00;12.30;0.00;0.00;0.00;0.00;0.00;0.00;5.80;6.50;0.00;8.63;7.08;0.00;10.20;0.00;0.00;0.00;9.97;0.50;0.00;1.10;0.00;0.00;0.00;2.80;0.00;0.17;1.70;0.00;0.58;0.00;0.00;0.00;1.12;0;1;1;0;1;0;0;0;1
217;48;5;70.00;1;0.00;830;411;512;1;0;3;1;1;4;5;0.00;0.00;16.27;0.00;17.62;0.00;0.00;16.18;17.02;0.00;0.00;0.00;0.00;3.48;12.70;4.32;12.70;0.00;0.00;9.60;0.00;12.48;0.00;0.00;7.68;7.68;1.30;0.00;0.50;0.00;0.00;4.50;3.40;0.00;0.00;2.72;0.00;1.70;0.00;0.00;2.21;2.21;0;0;1;0;1;0;0;1;1
218;50;3;180.00;1;1.00;800;124;701;0;2;1;2;2;8;1;10.77;10.77;15.88;0.00;26.28;17.18;24.58;16.23;17.53;3.18;14.00;10.58;14.00;2.23;14.00;3.53;14.00;8.52;8.52;6.97;0.00;7.08;5.77;5.77;5.17;6.97;0.60;0.00;2.80;1.30;1.30;1.90;2.10;5.17;0.48;2.04;0.00;0.68;1.29;0.44;1.46;1.12;1;1;1;0;1;1;1;1;1
219;48;2;200.00;1;0.50;900;324;701;1;1;1;1;2;8;1;19.48;19.48;17.52;0.00;31.62;21.52;29.33;20.13;23.52;7.52;14.00;15.33;14.00;6.13;14.00;9.52;14.00;5.17;5.17;4.20;0.00;8.77;5.17;5.17;6.37;6.37;1.00;0.00;4.80;1.30;1.30;2.30;2.10;7.21;0.88;2.04;0.00;0.68;1.77;0.48;1.46;1.05;1;1;1;0;1;1;1;1;1
220;45;5;250.00;1;0.66;900;110;701;0;2;2;2;3;8;6;10.53;10.53;11.37;0.00;26.83;14.60;18.28;13.57;15.73;5.50;9.10;9.18;9.10;4.47;9.10;6.63;9.10;11.17;11.17;3.83;0.00;3.97;5.77;5.77;6.00;6.00;0.60;0.00;1.60;1.30;1.30;1.90;1.80;0.71;0.37;2.04;0.00;0.68;0.75;0.48;2.18;1.09;1;1;1;0;1;1;1;1;1
221;48;3;35.00;1;0.00;730;410;513;1;0;0;1;0;2;5;0.00;0.00;0.00;0.00;18.20;0.00;0.00;18.72;0.00;0.00;0.00;0.00;0.00;5.12;13.60;0.00;0.00;0.00;0.00;0.00;0.00;8.03;0.00;0.00;10.68;0.00;0.00;0.00;3.80;0.00;0.00;4.50;0.00;0.00;0.00;0.00;0.00;1.36;0.00;0.00;2.21;0.00;0;0;0;0;1;0;0;1;0
222;48;6;120.00;1;1.00;705;313;513;1;1;4;1;1;4;5;8.27;0.00;0.00;0.00;12.32;12.37;0.00;11.70;0.00;3.37;9.00;0.00;0.00;2.70;9.00;0.00;0.00;5.40;0.00;0.00;0.00;9.83;9.12;0.00;16.32;0.00;0.00;0.00;1.10;3.20;0.00;4.50;0.00;4.42;0.00;0.00;0.00;1.36;2.14;0.00;2.21;0.00;1;0;0;0;1;1;0;1;0
223;76;5;120.00;1;1.00;728;506;701;1;2;3;2;2;8;1;12.95;12.95;15.03;0.00;28.08;13.92;15.12;13.90;15.70;3.52;10.40;4.72;10.40;3.50;10.40;5.30;10.40;11.40;11.40;3.83;0.00;5.40;8.63;8.63;8.63;8.63;0.50;0.00;0.60;1.30;1.30;1.80;2.00;1.56;0.44;1.70;0.00;0.61;1.43;0.44;1.46;1.05;1;1;1;0;1;1;1;1;1
224;48;2;75.00;1;0.00;845;406;512;1;0;0;1;2;4;5;0.00;0.00;9.20;0.00;11.23;0.00;0.00;12.70;18.78;0.00;0.00;0.00;0.00;4.60;8.10;8.48;10.30;0.00;0.00;7.20;0.00;13.08;0.00;0.00;5.28;8.40;0.50;0.00;1.30;0.00;0.00;3.70;4.20;0.00;0.00;2.72;0.00;2.04;0.00;0.00;2.21;2.21;0;0;1;0;1;0;0;1;1
225;40;2;45.00;1;0.50;800;406;31;1;1;1;1;2;5;4;11.28;11.28;14.18;10.40;21.62;0.00;0.00;0.00;0.00;0.00;0.00;0.00;0.00;0.00;0.00;0.00;0.00;6.23;6.23;9.83;19.20;10.08;0.00;0.00;0.00;0.00;0.80;1.30;0.90;0.00;0.00;0.00;0.00;3.98;0.27;1.70;0.48;0.61;0.00;0.00;0.00;0.00;1;1;1;1;1;0;0;0;0
226;48;4;60.00;1;0.00;715;313;512;1;0;2;2;1;3;5;0.00;0.00;6.03;0.00;11.18;0.00;0.00;10.80;0.00;0.00;0.00;0.00;0.00;2.70;8.10;0.00;0.00;0.00;0.00;6.00;0.00;1.20;0.00;0.00;6.00;0.00;0.40;0.00;0.50;0.00;0.00;3.60;0.00;0.00;0.00;1.36;0.00;1.36;0.00;0.00;2.21;0.00;0;0;1;0;1;0;0;1;0
227;45;2;120.00;1;1.00;745;126;701;1;2;0;1;2;3;1;14.05;0.00;0.00;0.00;0.00;18.18;30.75;0.00;0.00;4.18;14.00;16.75;14.00;0.00;0.00;0.00;0.00;5.77;0.00;0.00;0.00;0.00;8.63;8.63;0.00;0.00;0.00;0.00;0.00;1.30;1.30;0.00;0.00;2.72;0.00;0.00;0.00;0.00;1.39;0.44;0.00;0.00;1;0;0;0;0;1;1;0;0
228;48;4;90.00;1;0.33;730;128;701;1;1;2;1;3;7;1;16.63;0.00;18.92;0.00;36.10;19.72;28.42;20.85;25.22;5.72;14.00;14.42;14.00;6.85;14.00;16.12;9.10;10.32;0.00;8.52;0.00;8.52;8.63;8.63;13.32;8.03;0.60;0.00;2.50;1.30;1.30;1.90;2.60;3.98;0.00;2.04;0.00;0.68;1.53;0.48;1.63;1.12;1;0;1;0;1;1;1;1;1
229;45;6;60.00;1;1.00;815;503;107;1;1;2;2;1;3;4;11.33;0.00;0.00;9.30;12.73;0.00;0.00;0.00;0.00;0.00;0.00;0.00;0.00;0.00;0.00;0.00;0.00;5.40;0.00;0.00;12.00;6.72;0.00;0.00;0.00;0.00;0.00;3.20;0.20;0.00;0.00;0.00;0.00;3.50;0.00;0.00;0.75;1.36;0.00;0.00;0.00;0.00;1;0;0;1;1;0;0;0;0
230;44;4;80.00;1;0.00;750;322;702;1;0;3;1;0;4;9;0.00;0.00;17.43;0.00;34.45;0.00;0.00;18.02;21.87;0.00;0.00;0.00;0.00;5.22;12.80;9.07;12.80;0.00;0.00;3.37;0.00;3.37;0.00;0.00;3.60;3.60;1.00;0.00;0.30;0.00;0.00;2.30;1.60;0.00;0.00;2.04;0.00;0.68;0.00;0.00;1.50;1.16;0;0;1;0;1;0;0;1;1
231;40;8;38.00;1;0.00;750;412;512;1;0;5;2;0;4;5;0.00;0.00;21.07;0.00;28.90;0.00;0.00;17.50;17.60;0.00;0.00;0.00;0.00;4.80;12.70;4.90;12.70;0.00;0.00;7.57;0.00;7.57;0.00;0.00;7.92;7.92;2.30;0.00;0.30;0.00;0.00;5.50;3.80;0.00;0.00;3.40;0.00;1.36;0.00;0.00;2.21;2.21;0;0;1;0;1;0;0;1;1
232;40;2;50.00;0;1.00;755;412;702;0;1;1;1;1;4;9;0.00;0.00;22.47;0.00;31.03;0.00;0.00;18.28;19.53;0.00;0.00;0.00;0.00;5.48;12.80;6.73;12.80;0.00;0.00;7.80;0.00;7.80;0.00;0.00;10.32;10.32;0.80;0.00;0.90;0.00;0.00;2.08;4.30;0.00;0.00;1.70;0.00;0.68;0.00;0.00;1.46;1.05;0;0;1;0;1;0;0;1;1
233;40;2;200.00;0;1.00;735;318;700;0;2;1;1;2;7;9;18.97;0.00;17.88;0.00;31.75;20.10;23.90;19.00;21.70;5.00;15.10;8.80;15.10;3.90;15.10;6.60;15.10;1.32;0.00;8.63;0.00;6.23;6.97;6.97;9.00;9.00;0.60;0.00;1.00;1.30;1.30;1.90;1.80;6.60;0.00;2.04;0.00;0.61;1.53;0.48;1.29;1.05;1;0;1;0;1;1;1;1;1
234;40;5;45.00;1;1.00;800;317;511;0;2;1;2;2;7;3;7.43;9.10;8.63;0.00;12.42;11.72;15.67;11.50;0.00;3.22;8.50;7.17;8.50;4.20;7.30;0.00;0.00;6.97;0.00;12.72;0.00;12.97;3.60;2.40;5.63;0.00;0.50;0.00;0.70;3.20;3.20;3.70;0.00;4.45;1.22;1.36;0.00;1.36;2.04;0.88;2.21;0.00;1;1;1;0;1;1;1;1;0
235;48;5;85.00;1;1.00;805;305;27;1;1;3;2;1;5;4;5.87;5.87;6.53;5.20;15.23;0.00;0.00;0.00;0.00;0.00;0.00;0.00;0.00;0.00;0.00;0.00;0.00;2.03;2.03;7.98;12.42;8.10;0.00;0.00;0.00;0.00;0.30;1.30;0.10;0.00;0.00;0.00;0.00;0.61;0.31;1.70;0.48;0.68;0.00;0.00;0.00;0.00;1;1;1;1;1;0;0;0;0
236;43;2;45.00;0;0.00;810;120;700;1;0;0;2;1;3;9;0.00;0.00;22.83;0.00;38.22;0.00;0.00;0.00;25.53;0.00;0.00;0.00;0.00;0.00;0.00;10.43;15.10;0.00;0.00;6.48;0.00;6.48;0.00;0.00;0.00;10.20;0.60;0.00;1.60;0.00;0.00;0.00;2.90;0.00;0.00;2.04;0.00;0.68;0.00;0.00;0.00;1.16;0;0;1;0;1;0;0;0;1
237;42;5;54.00;1;0.00;715;411;511;1;0;3;1;0;3;5;0.00;0.00;9.87;0.00;14.82;0.00;0.00;15.72;0.00;0.00;0.00;0.00;0.00;3.82;11.90;0.00;0.00;0.00;0.00;17.28;0.00;11.52;0.00;0.00;11.77;0.00;0.60;0.00;1.30;0.00;0.00;3.80;0.00;0.00;0.00;2.72;0.00;1.36;0.00;0.00;1.87;0.00;0;0;1;0;1;0;0;1;0
238;40;3;30.00;0;0.00;745;508;511;1;0;0;2;1;2;5;0.00;0.00;0.00;2.90;4.52;0.00;0.00;0.00;0.00;0.00;0.00;0.00;0.00;0.00;0.00;0.00;0.00;0.00;0.00;0.00;6.23;6.23;0.00;0.00;0.00;0.00;0.00;3.20;0.70;0.00;0.00;0.00;0.00;0.00;0.00;0.00;0.85;1.36;0.00;0.00;0.00;0.00;0;0;0;1;1;0;0;0;0
239;60;5;90.00;1;0.33;830;119;700;1;1;1;3;3;6;2;0.00;16.18;14.98;0.00;35.77;0.00;28.68;20.08;22.72;0.00;0.00;13.58;15.10;4.98;15.10;12.52;10.20;0.00;0.00;12.18;0.00;12.30;0.00;8.88;16.62;16.73;0.60;0.00;1.60;0.00;1.30;1.90;2.00;0.00;0.65;2.04;0.00;0.68;0.00;0.48;1.67;1.16;0;1;1;0;1;0;1;1;1
240;25;5;90.00;1;0.33;830;119;700;0;1;1;3;3;6;2;0.00;16.18;14.98;0.00;35.77;0.00;28.68;20.08;22.72;0.00;0.00;13.58;15.10;4.98;15.10;12.52;10.20;0.00;0.00;12.18;0.00;12.30;0.00;8.88;16.62;16.73;0.60;0.00;1.60;0.00;1.30;1.90;2.00;0.00;0.65;2.04;0.00;0.68;0.00;0.48;1.67;1.16;0;1;1;0;1;0;1;1;1
241;40;6;25.00;0;0.00;815;400;511;0;0;3;2;0;4;5;0.00;0.00;10.47;0.00;19.30;0.00;0.00;12.75;14.93;0.00;0.00;0.00;0.00;3.25;9.50;5.43;9.50;0.00;0.00;11.17;0.00;4.20;0.00;0.00;8.03;8.03;0.60;0.00;0.80;0.00;0.00;3.80;3.80;0.00;0.00;2.72;0.00;1.36;0.00;0.00;1.87;2.21;0;0;1;0;1;0;0;1;1
242;48;2;60.00;1;0.50;830;406;701;1;1;0;1;2;8;2;16.63;16.63;13.23;0.00;18.05;14.98;26.20;12.45;17.47;4.58;10.40;15.80;10.40;3.35;9.10;8.37;9.10;5.17;5.17;5.88;0.00;6.00;6.97;6.97;6.60;6.60;0.80;0.00;0.90;1.30;1.30;2.08;1.80;7.85;0.17;1.70;0.00;0.68;1.22;0.44;2.14;1.12;1;1;1;0;1;1;1;1;1
243;45;3;50.00;1;0.50;840;404;511;1;1;2;1;2;7;1;11.45;11.45;9.98;0.00;14.38;11.78;18.62;0.00;12.18;1.18;10.60;8.02;10.60;0.00;0.00;1.58;10.60;3.60;0.00;14.77;0.00;8.03;8.52;7.32;0.00;8.52;0.60;0.00;0.70;3.20;3.20;0.00;3.40;7.07;2.01;2.72;0.00;1.36;1.87;0.85;0.00;2.21;1;1;1;0;1;1;1;0;1
244;45;5;40.00;0;1.00;750;308;511;0;1;1;1;1;3;5;0.00;0.00;0.00;0.00;16.73;0.00;0.00;9.20;11.98;0.00;0.00;0.00;0.00;2.80;6.40;6.58;5.40;0.00;0.00;0.00;0.00;11.40;0.00;0.00;5.77;6.23;0.00;0.00;0.20;0.00;0.00;3.80;11.00;0.00;0.00;0.00;0.00;1.36;0.00;0.00;2.21;2.21;0;0;0;0;1;0;0;1;1
245;48;5;170.00;1;0.50;755;503;110;1;1;2;2;2;4;4;9.43;9.43;0.00;8.50;11.52;0.00;0.00;0.00;0.00;0.00;0.00;0.00;0.00;0.00;0.00;0.00;0.00;1.80;0.00;0.00;6.72;6.48;0.00;0.00;0.00;0.00;0.00;3.20;0.20;0.00;0.00;0.00;0.00;5.71;1.60;0.00;0.75;1.36;0.00;0.00;0.00;0.00;1;1;0;1;1;0;0;0;0
246;44;4;40.00;1;0.50;820;704;700;1;1;0;2;2;4;4;5.82;0.00;5.67;4.68;9.52;0.00;0.00;0.00;0.00;0.00;0.00;0.00;0.00;0.00;0.00;0.00;0.00;6.97;0.00;3.37;10.43;3.37;0.00;0.00;0.00;0.00;0.20;1.30;0.10;0.00;0.00;0.00;0.00;0.34;0.00;1.70;0.48;0.68;0.00;0.00;0.00;0.00;1;0;1;1;1;0;0;0;0
247;45;8;20.00;0;1.00;735;407;511;0;1;2;4;1;3;5;0.00;0.00;0.00;0.00;23.48;0.00;0.00;18.27;19.05;0.00;0.00;0.00;0.00;7.67;10.60;8.45;10.60;0.00;0.00;0.00;0.00;2.63;0.00;0.00;6.23;6.23;0.00;0.00;1.30;0.00;0.00;3.80;4.50;0.00;0.00;0.00;0.00;1.36;0.00;0.00;1.87;2.21;0;0;0;0;1;0;0;1;1
248;44;4;50.00;0;1.00;745;113;700;0;2;1;2;1;6;7;0.00;14.53;17.52;0.00;30.03;0.00;18.48;17.80;19.60;0.00;0.00;12.18;6.30;2.70;15.10;4.50;15.10;0.00;6.97;4.62;0.00;4.62;0.00;6.37;4.27;4.27;0.60;0.00;1.60;0.00;1.30;1.90;2.10;0.00;0.54;2.04;0.00;0.68;0.00;0.48;1.46;1.05;0;1;1;0;1;0;1;1;1
249;44;5;56.05;1;1.00;805;412;513;1;1;3;1;1;8;1;19.98;20.77;21.38;0.00;29.13;19.83;37.48;19.98;20.82;6.23;13.60;23.88;13.60;6.38;13.60;7.22;13.60;1.80;0.00;3.72;0.00;3.72;4.57;3.37;5.17;5.17;2.30;0.00;0.30;3.20;3.20;5.50;3.80;4.35;1.70;3.40;0.00;1.36;2.75;0.88;2.21;2.21;1;1;1;0;1;1;1;1;1
250;48;4;60.00;1;0.00;745;501;700;1;0;2;1;0;6;2;0.00;10.25;10.88;0.00;23.57;0.00;13.70;13.90;13.40;0.00;0.00;6.10;7.60;3.70;10.20;5.80;7.60;0.00;0.00;5.40;0.00;5.40;0.00;3.00;5.03;5.03;0.50;0.00;0.60;0.00;1.30;1.80;2.80;0.00;0.20;1.70;0.00;0.68;0.00;0.48;1.50;1.09;0;1;1;0;1;0;1;1;1
251;45;6;85.00;0;1.00;730;414;513;1;1;4;2;1;6;7;0.00;18.28;14.83;0.00;21.92;0.00;41.33;18.27;20.38;0.00;0.00;27.73;13.60;4.67;13.60;6.78;13.60;0.00;0.00;18.60;0.00;12.72;0.00;3.37;8.88;8.88;1.30;0.00;0.70;0.00;3.20;4.50;3.50;0.00;1.84;2.72;0.00;1.36;0.00;0.78;2.11;2.11;0;1;1;0;1;0;1;1;1
252;44;4;120.00;1;0.00;800;318;117;1;0;2;1;2;2;4;0.00;0.00;0.00;11.20;11.72;0.00;0.00;0.00;0.00;0.00;0.00;0.00;0.00;0.00;0.00;0.00;0.00;0.00;0.00;0.00;8.17;10.08;0.00;0.00;0.00;0.00;0.00;3.20;0.20;0.00;0.00;0.00;0.00;0.00;0.00;0.00;0.75;1.36;0.00;0.00;0.00;0.00;0;0;0;1;1;0;0;0;0
253;48;6;160.00;0;1.00;800;124;700;0;2;2;2;2;6;6;12.12;0.00;17.52;0.00;21.88;17.07;0.00;16.70;18.10;3.07;14.00;0.00;0.00;1.60;15.10;3.00;15.10;1.80;0.00;9.12;0.00;5.52;3.00;0.00;2.77;2.77;0.60;0.00;4.60;1.30;0.00;1.90;2.10;2.75;0.00;2.04;0.00;0.68;2.04;0.00;1.84;1.09;1;0;1;0;1;1;0;1;1
254;40;3;40.00;0;0.00;730;401;511;0;0;1;2;1;4;5;0.00;0.00;12.37;0.00;15.87;0.00;0.00;13.13;13.80;0.00;0.00;0.00;0.00;3.63;9.50;4.30;9.50;0.00;0.00;16.32;0.00;7.20;0.00;0.00;5.28;5.28;2.30;0.00;3.50;0.00;0.00;5.50;4.00;0.00;0.00;2.72;0.00;1.36;0.00;0.00;2.04;2.21;0;0;1;0;1;0;0;1;1
255;48;6;200.00;0;0.50;830;116;701;0;2;2;2;4;6;2;0.00;14.22;13.25;0.00;33.90;0.00;18.75;18.50;22.70;0.00;0.00;4.75;14.00;4.50;14.00;13.60;9.10;0.00;0.23;8.77;0.00;2.40;0.00;3.72;2.88;2.88;0.60;0.00;3.30;0.00;1.30;1.90;4.60;0.00;0.78;2.04;0.00;0.68;0.00;0.51;1.67;1.16;0;1;1;0;1;0;1;1;1
256;40;5;70.00;1;1.00;830;306;511;0;1;3;2;1;4;2;0.00;6.93;6.85;7.30;8.20;0.00;0.00;0.00;0.00;0.00;0.00;0.00;0.00;0.00;0.00;0.00;0.00;0.00;0.00;5.77;10.43;4.80;0.00;0.00;0.00;0.00;0.40;3.20;0.70;0.00;0.00;0.00;0.00;0.00;0.88;1.36;0.85;1.36;0.00;0.00;0.00;0.00;0;1;1;1;1;0;0;0;0
257;44;2;84.00;0;1.00;815;319;700;0;2;0;2;2;7;8;18.37;0.00;20.32;0.00;42.28;21.27;22.18;20.10;22.70;6.17;15.10;7.08;15.10;5.00;15.10;7.60;15.10;7.08;0.00;3.12;0.00;3.12;3.00;3.00;2.77;2.77;0.60;0.00;0.70;1.30;1.30;1.90;1.90;2.86;0.00;2.04;0.00;0.61;1.56;0.48;1.50;1.09;1;0;1;0;1;1;1;1;1
258;40;4;60.00;0;1.00;805;400;511;0;1;2;2;1;5;5;0.00;12.68;9.93;0.00;15.17;0.00;26.67;12.72;0.00;0.00;0.00;17.17;9.50;3.22;9.50;0.00;0.00;0.00;0.00;7.43;0.00;5.03;0.00;2.40;4.80;0.00;0.60;0.00;0.70;0.00;3.20;3.80;0.00;0.00;1.36;2.72;0.00;1.36;0.00;0.85;2.04;0.00;0;1;1;0;1;0;1;1;0
259;45;3;90.00;0;1.00;805;503;700;0;2;1;2;2;7;2;0.00;12.82;12.98;0.00;25.73;14.98;15.27;13.90;18.90;4.78;10.20;5.07;10.20;3.70;10.20;8.70;10.20;0.00;0.23;2.63;0.00;2.63;3.00;3.00;2.28;2.28;0.50;0.00;0.60;1.30;1.30;1.80;1.80;0.00;0.20;1.70;0.00;0.68;1.33;0.48;2.18;1.16;0;1;1;0;1;1;1;1;1
260;48;2;180.00;0;1.00;750;134;701;0;2;0;2;2;8;2;17.42;17.42;20.53;0.00;40.78;21.92;29.63;20.60;24.90;7.92;14.00;15.63;14.00;6.60;14.00;10.90;14.00;5.03;5.03;9.12;0.00;9.23;5.88;5.88;9.72;9.72;0.50;0.00;3.10;1.30;1.30;1.80;1.90;1.67;0.82;2.21;0.00;0.68;2.96;0.51;1.50;1.16;1;1;1;0;1;1;1;1;1
261;40;5;200.00;1;1.00;800;306;511;1;2;2;2;2;5;1;5.07;7.40;6.68;6.50;10.32;0.00;0.00;0.00;0.00;0.00;0.00;0.00;0.00;0.00;0.00;0.00;0.00;5.03;0.23;15.37;21.37;10.80;0.00;0.00;0.00;0.00;0.40;2.00;0.70;0.00;0.00;0.00;0.00;4.49;0.88;2.72;0.44;1.36;0.00;0.00;0.00;0.00;1;1;1;1;1;0;0;0;0
262;48;3;95.00;1;1.00;800;313;512;1;2;0;1;2;7;1;7.17;8.12;6.85;0.00;11.27;10.80;15.30;11.07;0.00;2.70;8.10;7.20;8.10;2.97;8.10;0.00;0.00;5.03;0.00;8.28;0.00;7.08;6.72;5.52;7.20;0.00;0.50;0.00;0.70;3.20;3.20;3.70;0.00;5.13;0.88;2.72;0.00;1.36;1.90;0.88;2.21;0.00;1;1;1;0;1;1;1;1;0
263;45;4;45.00;1;1.00;730;403;512;1;1;2;1;1;6;5;10.55;0.00;10.20;0.00;19.07;14.02;0.00;15.20;15.60;2.62;11.40;0.00;0.00;2.50;12.70;4.20;11.40;5.03;0.00;9.37;0.00;1.68;9.00;0.00;9.72;9.72;0.60;0.00;0.80;3.20;0.00;3.80;4.20;6.02;0.00;2.72;0.00;1.36;2.04;0.00;2.21;2.21;1;0;1;0;1;1;0;1;1
264;44;5;520.00;0;0.80;800;311;700;0;4;2;4;5;5;4;12.77;12.77;13.52;14.00;27.48;0.00;0.00;0.00;0.00;0.00;0.00;0.00;0.00;0.00;0.00;0.00;0.00;2.40;2.40;2.17;4.20;2.28;0.00;0.00;0.00;0.00;0.40;1.30;0.70;0.00;0.00;0.00;0.00;4.90;0.41;2.04;0.48;0.68;0.00;0.00;0.00;0.00;1;1;1;1;1;0;0;0;0
265;40;5;50.00;0;0.00;800;419;511;0;0;1;3;1;3;5;0.00;0.00;0.00;0.00;19.28;0.00;0.00;15.20;15.40;0.00;0.00;0.00;0.00;3.30;11.90;3.50;11.90;0.00;0.00;0.00;0.00;8.28;0.00;0.00;12.12;12.12;0.00;0.00;1.30;0.00;0.00;5.50;3.80;0.00;0.00;0.00;0.00;1.36;0.00;0.00;2.04;2.21;0;0;0;0;1;0;0;1;1
266;44;1;22.00;0;0.00;800;516;700;1;0;0;1;0;4;9;0.00;0.00;22.72;0.00;37.58;0.00;0.00;22.80;26.40;0.00;0.00;0.00;0.00;7.70;15.10;11.30;15.10;0.00;0.00;6.48;0.00;2.40;0.00;0.00;6.83;2.63;0.50;0.00;1.80;0.00;0.00;1.80;2.30;0.00;0.00;1.70;0.00;0.61;0.00;0.00;1.50;1.09;0;0;1;0;1;0;0;1;1
267;44;7;400.00;1;0.42;815;502;701;0;3;4;2;7;8;6;12.47;12.47;10.78;0.00;21.52;13.47;14.85;10.77;11.50;4.37;9.10;5.75;9.10;2.97;7.80;3.70;7.80;5.40;5.40;3.23;0.00;3.37;6.23;6.23;3.83;3.83;0.50;0.00;0.60;1.30;1.30;1.80;2.10;4.56;0.24;1.70;0.00;0.68;1.26;0.44;1.12;1.12;1;1;1;0;1;1;1;1;1
268;48;5;78.00;1;1.00;730;500;117;1;1;2;2;1;3;4;15.90;0.00;0.00;13.60;16.17;0.00;0.00;0.00;0.00;0.00;0.00;0.00;0.00;0.00;0.00;0.00;0.00;1.80;0.00;0.00;10.80;9.12;0.00;0.00;0.00;0.00;0.00;3.20;0.50;0.00;0.00;0.00;0.00;7.11;0.00;0.00;0.75;1.36;0.00;0.00;0.00;0.00;1;0;0;1;1;0;0;0;0
269;44;4;250.00;1;0.66;800;313;511;1;2;2;2;3;7;1;8.13;8.13;7.10;0.00;12.37;9.60;10.50;10.00;0.00;2.30;7.30;3.20;7.30;2.70;7.30;0.00;0.00;1.20;0.00;3.12;0.00;5.28;3.37;2.17;2.88;0.00;0.50;0.00;5.00;3.20;3.20;3.70;0.00;2.38;1.19;1.36;0.00;1.36;2.04;0.88;2.21;0.00;1;1;1;0;1;1;1;1;0
270;48;4;57.00;1;0.50;745;502;107;1;1;2;1;2;4;4;12.13;12.13;0.00;9.80;14.92;0.00;0.00;0.00;0.00;0.00;0.00;0.00;0.00;0.00;0.00;0.00;0.00;0.97;0.97;0.00;15.12;6.23;0.00;0.00;0.00;0.00;0.00;2.00;0.20;0.00;0.00;0.00;0.00;11.76;1.63;0.00;0.37;1.36;0.00;0.00;0.00;0.00;1;1;0;1;1;0;0;0;0
271;45;2;250.00;1;1.00;755;402;510;1;1;1;1;1;5;1;15.83;0.00;0.00;0.00;20.52;14.30;0.00;15.48;16.77;5.60;8.70;0.00;0.00;7.78;7.70;8.07;8.70;6.72;0.00;0.00;0.00;7.20;12.97;0.00;12.48;15.97;0.00;0.00;4.50;2.00;0.00;2.50;2.80;9.59;0.00;0.00;0.00;1.36;2.31;0.00;1.63;1.80;1;0;0;0;1;1;0;1;1
272;46;1;49.00;1;1.00;830;302;700;1;1;0;1;1;4;4;6.88;0.00;6.88;6.30;13.50;0.00;0.00;0.00;0.00;0.00;0.00;0.00;0.00;0.00;0.00;0.00;0.00;4.87;0.00;4.68;4.20;4.68;0.00;0.00;0.00;0.00;0.20;1.30;0.10;0.00;0.00;0.00;0.00;0.61;0.00;1.70;0.48;0.68;0.00;0.00;0.00;0.00;1;0;1;1;1;0;0;0;0
273;48;6;22.17;1;0.00;630;417;513;1;0;2;3;1;5;8;0.00;0.00;16.08;0.00;23.17;0.00;19.18;18.90;26.18;0.00;0.00;5.58;13.60;5.30;13.60;12.58;13.60;0.00;0.00;11.88;0.00;10.08;0.00;3.37;3.48;8.17;2.30;0.00;0.30;0.00;3.20;5.50;6.10;0.00;0.00;3.06;0.00;1.36;0.00;0.92;2.21;2.21;0;0;1;0;1;0;1;1;1
274;40;8;24.00;0;0.40;845;501;700;1;2;1;6;5;6;5;0.00;8.57;10.98;0.00;16.33;0.00;9.70;9.40;13.40;0.00;0.00;2.10;7.60;7.10;2.30;5.80;7.60;0.00;1.80;1.68;0.00;1.80;0.00;1.92;2.03;2.03;0.50;0.00;0.60;0.00;1.30;1.80;2.80;0.00;0.31;1.02;0.00;0.68;0.00;0.48;1.50;1.16;0;1;1;0;1;0;1;1;1
275;40;7;90.00;0;1.00;745;500;701;0;2;1;1;2;6;5;0.00;0.00;8.32;5.10;15.38;0.00;15.68;5.82;5.80;0.00;0.00;10.58;5.10;0.72;5.10;0.70;5.10;0.00;0.00;3.60;13.57;3.72;0.00;7.57;7.32;7.32;0.20;1.30;0.10;0.00;1.30;1.50;2.50;0.00;0.00;1.70;0.48;0.68;0.00;0.48;1.16;1.16;0;0;1;1;1;0;1;1;1
276;45;3;165.00;1;1.00;755;502;113;1;1;0;1;1;4;4;12.02;12.20;0.00;10.60;13.72;0.00;0.00;0.00;0.00;0.00;0.00;0.00;0.00;0.00;0.00;0.00;0.00;2.77;0.37;0.00;15.37;10.43;0.00;0.00;0.00;0.00;0.00;3.20;0.20;0.00;0.00;0.00;0.00;4.56;1.56;0.00;0.75;1.36;0.00;0.00;0.00;0.00;1;1;0;1;1;0;0;0;0
277;44;4;80.00;1;1.00;730;409;700;1;2;2;1;2;8;1;16.40;16.40;19.65;0.00;28.07;17.65;22.45;16.77;18.45;2.55;15.10;7.35;15.10;1.67;15.10;3.35;15.10;4.08;4.08;7.92;0.00;7.92;4.80;4.80;4.92;4.92;0.80;0.00;0.90;1.30;1.30;2.08;1.70;1.70;0.85;2.04;0.00;0.61;1.43;0.48;1.50;1.09;1;1;1;0;1;1;1;1;1
278;48;3;70.00;0;1.00;830;501;701;0;1;0;2;1;6;5;0.00;7.83;9.12;0.00;12.70;0.00;15.43;12.80;12.30;0.00;0.00;8.93;6.50;3.70;9.10;5.80;6.50;0.00;5.52;5.58;0.00;8.10;0.00;7.80;11.88;11.88;0.50;0.00;0.90;0.00;1.30;1.80;2.80;0.00;0.24;1.70;0.00;0.68;0.00;0.48;1.50;1.16;0;1;1;0;1;0;1;1;1
279;48;2;60.00;0;0.50;830;501;701;1;1;0;2;2;7;9;8.12;8.12;0.00;0.00;15.02;9.58;23.43;14.13;14.32;3.08;6.50;16.93;6.50;5.03;9.10;7.82;6.50;5.52;5.52;0.00;0.00;4.68;7.80;7.80;7.57;7.57;0.00;0.00;0.90;1.30;1.30;2.08;2.80;3.37;0.24;0.00;0.00;0.68;1.33;0.44;1.46;0.88;1;1;0;0;1;1;1;1;1
280;40;7;100.00;0;0.50;745;316;511;0;1;1;1;2;5;5;0.00;12.88;0.00;0.00;16.57;0.00;16.85;13.08;13.48;0.00;0.00;9.55;7.30;6.68;6.40;6.18;7.30;0.00;0.00;0.00;0.00;2.17;0.00;5.03;5.77;5.77;0.00;0.00;1.10;0.00;3.20;5.50;5.00;0.00;1.39;0.00;0.00;1.36;0.00;0.88;2.21;2.21;0;1;0;0;1;0;1;1;1
281;48;8;140.00;1;0.33;800;322;701;0;2;4;3;6;8;9;20.10;20.10;18.90;0.00;37.18;19.30;21.18;18.30;21.70;5.30;14.00;7.18;14.00;4.30;14.00;7.70;14.00;13.50;13.50;7.50;0.00;7.62;9.37;9.37;9.90;9.90;1.00;0.00;0.50;1.30;1.30;2.30;1.60;5.07;0.85;2.04;0.00;0.68;1.60;0.48;1.46;1.12;1;1;1;0;1;1;1;1;1
282;48;3;90.00;0;1.00;810;409;701;1;2;0;2;2;8;5;17.38;17.38;19.43;0.00;28.92;16.70;22.77;15.92;17.72;2.70;14.00;8.77;14.00;1.92;14.00;3.72;14.00;13.50;13.50;6.30;0.00;3.78;9.37;9.37;8.70;8.70;0.80;0.00;3.20;1.30;1.30;2.08;1.70;4.49;0.54;1.70;0.00;0.61;1.29;0.44;1.63;1.05;1;1;1;0;1;1;1;1;1
283;48;5;110.00;1;1.00;810;508;512;1;1;3;2;1;4;4;4.67;0.00;3.70;3.70;7.03;0.00;0.00;0.00;0.00;0.00;0.00;0.00;0.00;0.00;0.00;0.00;0.00;5.52;0.00;9.23;2.77;2.77;0.00;0.00;0.00;0.00;0.40;3.20;0.70;0.00;0.00;0.00;0.00;1.16;0.00;2.72;0.85;1.36;0.00;0.00;0.00;0.00;1;0;1;1;1;0;0;0;0
284;48;2;30.00;0;1.00;740;413;701;1;1;1;1;1;8;6;20.52;20.52;25.40;0.00;35.47;19.87;39.68;21.58;26.63;10.77;9.10;30.58;9.10;7.58;14.00;12.63;14.00;9.72;9.72;5.82;0.00;5.93;8.10;8.10;8.33;8.33;0.80;0.00;1.80;1.30;1.30;2.08;2.00;3.06;0.51;1.70;0.00;0.68;1.67;0.48;1.29;1.05;1;1;1;0;1;1;1;1;1
285;48;3;80.00;0;1.00;815;129;701;0;1;0;1;1;7;3;16.88;16.88;21.30;0.00;26.95;19.80;21.72;0.00;26.80;5.80;14.00;7.72;14.00;0.00;0.00;17.70;9.10;9.72;9.72;8.70;0.00;8.70;7.80;7.80;0.00;8.33;1.50;0.00;4.60;1.30;1.30;0.00;3.80;3.30;0.65;2.04;0.00;0.68;1.60;0.48;0.00;1.12;1;1;1;0;1;1;1;0;1
286;48;3;120.00;0;0.50;825;503;701;0;1;0;3;2;8;5;13.35;13.35;12.12;0.00;22.47;14.87;21.33;12.80;17.80;5.77;9.10;12.23;9.10;3.70;9.10;8.70;9.10;9.72;9.72;5.03;0.00;6.12;7.80;7.80;12.23;12.23;0.50;0.00;0.60;1.30;1.30;1.80;1.80;2.75;0.34;1.70;0.00;0.68;1.39;0.48;1.46;1.05;1;1;1;0;1;1;1;1;1
287;45;4;44.00;0;0.50;720;419;514;0;1;2;2;2;7;1;20.92;20.92;0.00;0.00;29.00;18.98;32.73;19.13;19.93;4.48;14.50;18.23;14.50;4.63;14.50;5.43;14.50;4.80;0.00;0.00;0.00;9.37;3.97;2.77;3.48;3.48;0.00;0.00;0.30;3.20;3.20;4.00;3.80;4.45;1.87;0.00;0.00;1.36;2.38;0.88;2.21;2.21;1;1;0;0;1;1;1;1;1
288;60;4;60.00;1;0.00;700;314;115;1;0;2;2;0;3;4;0.00;0.00;8.43;9.88;10.08;0.00;0.00;0.00;0.00;0.00;0.00;0.00;0.00;0.00;0.00;0.00;0.00;0.00;0.00;13.80;8.40;18.12;0.00;0.00;0.00;0.00;2.30;3.20;0.20;0.00;0.00;0.00;0.00;0.00;0.00;2.72;0.75;1.36;0.00;0.00;0.00;0.00;0;0;1;1;1;0;0;0;0
289;48;2;130.00;0;1.00;800;322;701;0;2;0;2;2;8;6;19.65;19.65;18.20;0.00;36.07;18.28;22.07;18.30;21.70;7.88;10.40;11.67;10.40;4.30;14.00;7.70;14.00;13.32;13.32;9.00;0.00;9.12;9.48;9.48;11.52;11.52;1.00;0.00;0.50;1.30;1.30;2.30;1.60;4.25;0.44;2.04;0.00;0.61;1.50;0.48;1.29;1.05;1;1;1;0;1;1;1;1;1
290;45;3;84.00;0;0.00;825;318;101;0;0;0;1;1;3;4;0.00;14.27;0.00;11.10;14.72;0.00;0.00;0.00;0.00;0.00;0.00;0.00;0.00;0.00;0.00;0.00;0.00;0.00;0.00;0.00;12.00;1.92;0.00;0.00;0.00;0.00;0.00;3.20;0.20;0.00;0.00;0.00;0.00;0.00;1.19;0.00;0.75;2.72;0.00;0.00;0.00;0.00;0;1;0;1;1;0;0;0;0
291;48;3;130.00;0;0.50;815;325;701;0;1;0;2;2;8;7;20.98;20.98;20.42;0.00;37.87;20.32;20.93;20.30;23.20;7.42;12.90;8.03;12.90;6.30;14.00;9.20;14.00;9.72;9.72;4.80;0.00;7.20;7.80;7.80;7.32;7.32;1.00;0.00;4.80;1.30;1.30;2.30;2.60;4.15;1.05;2.04;0.00;0.68;1.97;0.48;1.46;1.12;1;1;1;0;1;1;1;1;1
292;45;4;80.00;1;1.00;740;414;511;1;1;2;2;1;6;6;18.92;0.00;15.93;0.00;23.25;18.17;0.00;16.08;17.97;10.87;7.30;0.00;0.00;4.18;11.90;6.07;11.90;5.40;0.00;12.23;0.00;12.23;4.08;0.00;11.28;11.28;1.30;0.00;1.30;3.20;0.00;4.50;3.50;6.26;0.00;2.72;0.00;1.70;4.56;0.00;2.21;2.21;1;0;1;0;1;1;0;1;1
293;48;2;200.00;0;1.00;750;503;701;1;1;1;1;1;8;3;14.37;14.37;12.23;0.00;24.93;14.57;19.17;12.80;17.80;5.47;9.10;10.07;9.10;3.70;9.10;8.70;9.10;9.72;9.72;4.80;0.00;4.92;7.80;7.80;10.68;10.68;0.50;0.00;0.60;1.30;1.30;1.80;1.80;2.79;0.37;1.70;0.00;0.68;1.39;0.48;1.46;1.05;1;1;1;0;1;1;1;1;1
294;45;3;35.00;0;0.00;740;402;511;1;0;0;2;0;3;8;0.00;0.00;0.00;0.00;19.33;0.00;0.00;15.05;16.25;0.00;0.00;0.00;0.00;6.55;8.50;6.75;9.50;0.00;0.00;0.00;0.00;3.37;0.00;0.00;4.43;4.43;0.00;0.00;2.00;0.00;0.00;4.00;4.00;0.00;0.00;0.00;0.00;1.36;0.00;0.00;2.04;2.21;0;0;0;0;1;0;0;1;1
295;48;2;100.00;1;0.50;845;330;701;1;1;0;1;2;9;4;13.33;13.33;9.97;10.40;22.97;11.78;15.78;10.92;11.17;1.38;10.40;5.38;10.40;0.52;10.40;0.77;10.40;9.72;9.72;6.83;15.48;6.97;7.80;7.80;9.37;9.37;0.40;1.30;0.60;1.30;1.30;1.70;1.90;2.79;0.37;1.70;0.44;0.68;1.16;0.44;1.46;1.12;1;1;1;1;1;1;1;1;1
296;48;3;150.00;1;0.50;830;404;701;0;1;0;3;2;7;2;0.00;9.42;10.48;0.00;16.12;13.28;26.58;11.90;11.32;5.48;7.80;18.78;7.80;4.10;7.80;3.52;7.80;0.00;0.72;6.12;0.00;6.23;7.80;7.80;10.80;10.80;0.50;0.00;0.60;1.30;1.30;1.80;2.10;0.00;0.27;1.70;0.00;0.68;1.22;0.44;1.46;1.05;0;1;1;0;1;1;1;1;1
297;48;6;150.00;0;0.25;800;410;701;0;1;3;2;4;7;8;0.00;19.48;21.68;0.00;32.53;18.62;27.75;17.88;19.93;4.62;14.00;13.75;14.00;3.88;14.00;5.93;14.00;0.00;13.50;6.60;0.00;6.72;9.37;9.37;9.00;9.00;0.80;0.00;0.90;1.30;1.30;2.08;4.30;0.00;0.75;1.70;0.00;0.68;1.46;0.48;1.29;1.05;0;1;1;0;1;1;1;1;1
298;48;4;200.00;1;0.50;830;322;701;1;1;0;1;2;8;6;19.47;19.47;15.73;0.00;29.80;19.00;24.23;18.30;21.70;11.20;7.80;16.43;7.80;4.30;14.00;7.70;14.00;13.50;13.50;10.20;0.00;10.32;11.17;11.17;12.60;12.60;1.00;0.00;0.50;1.30;1.30;2.30;1.60;3.91;0.95;2.04;0.00;0.61;2.18;0.51;1.29;1.05;1;1;1;0;1;1;1;1;1
299;48;2;55.00;1;0.50;800;513;701;0;1;0;1;2;7;6;24.03;24.03;17.40;0.00;32.87;18.65;20.12;18.10;0.00;12.15;6.50;13.62;6.50;4.10;14.00;0.00;0.00;13.50;13.50;7.20;0.00;7.32;9.67;9.67;9.60;0.00;0.50;0.00;1.60;1.30;1.30;1.80;0.00;3.50;0.75;1.70;0.00;0.61;1.73;0.51;1.46;0.00;1;1;1;0;1;1;1;1;0
300;48;4;140.00;1;0.50;810;408;701;1;1;0;1;2;9;4;14.68;14.68;15.67;12.90;25.67;14.98;26.05;12.20;13.60;2.08;12.90;13.15;12.90;1.80;10.40;3.20;10.40;10.32;10.32;10.20;13.92;7.43;4.08;4.08;7.92;7.92;0.80;1.30;0.30;1.30;1.30;2.08;1.90;2.48;0.20;1.70;0.44;0.68;1.12;0.44;1.46;1.12;1;1;1;1;1;1;1;1;1
301;40;2;50.00;0;0.00;805;314;511;0;0;0;2;1;4;5;0.00;0.00;0.00;8.50;10.40;0.00;0.00;9.38;9.85;0.00;0.00;0.00;0.00;2.08;7.30;2.55;7.30;0.00;0.00;0.00;15.60;10.80;0.00;0.00;7.57;7.57;0.00;3.20;0.20;0.00;0.00;3.80;3.30;0.00;0.00;0.00;0.85;1.36;0.00;0.00;2.21;2.21;0;0;0;1;1;0;0;1;1
302;45;5;25.00;1;0.00;730;207;512;1;0;0;1;0;3;4;0.00;0.00;0.00;3.70;6.97;0.00;0.00;0.00;6.50;0.00;0.00;0.00;0.00;0.00;0.00;2.80;3.70;0.00;0.00;0.00;11.88;1.92;0.00;0.00;0.00;2.88;0.00;3.20;5.00;0.00;0.00;0.00;3.70;0.00;0.00;0.00;0.85;1.36;0.00;0.00;0.00;2.21;0;0;0;1;1;0;0;0;1
303;40;8;220.00;1;0.33;830;409;702;0;2;1;5;6;6;9;0.00;14.60;16.08;0.00;21.73;0.00;23.98;14.67;16.43;0.00;0.00;11.18;12.80;1.87;12.80;3.63;12.80;0.00;5.28;8.77;0.00;8.88;0.00;3.48;4.92;4.92;0.80;0.00;0.90;0.00;1.30;2.08;1.70;0.00;0.48;1.70;0.00;0.68;0.00;0.44;1.46;1.12;0;1;1;0;1;0;1;1;1
304;48;5;70.00;0;0.66;815;311;30;0;2;0;3;3;4;4;0.00;13.60;12.32;12.90;25.98;0.00;0.00;0.00;0.00;0.00;0.00;0.00;0.00;0.00;0.00;0.00;0.00;0.00;7.68;8.93;14.22;9.07;0.00;0.00;0.00;0.00;0.40;1.30;0.70;0.00;0.00;0.00;0.00;0.00;0.51;2.04;0.44;0.61;0.00;0.00;0.00;0.00;0;1;1;1;1;0;0;0;0
305;40;4;50.00;1;1.00;810;501;513;1;1;1;2;1;3;4;0.00;0.00;0.00;11.20;18.70;0.00;13.08;0.00;0.00;0.00;0.00;1.88;11.20;0.00;0.00;0.00;0.00;0.00;0.00;0.00;15.12;4.57;0.00;5.77;0.00;0.00;0.00;3.20;0.70;0.00;3.20;0.00;0.00;0.00;0.00;0.00;0.75;1.36;0.00;0.75;0.00;0.00;0;0;0;1;1;0;1;0;0
306;48;6;120.00;0;0.50;800;506;701;0;1;2;3;2;6;9;0.00;18.18;14.97;0.00;28.80;0.00;15.87;13.90;15.70;0.00;0.00;5.47;10.40;3.50;10.40;5.30;10.40;0.00;7.68;6.42;0.00;6.53;0.00;9.48;10.02;10.02;0.50;0.00;0.60;0.00;1.30;1.80;2.00;0.00;0.27;1.70;0.00;0.61;0.00;0.44;1.46;1.12;0;1;1;0;1;0;1;1;1
307;44;2;5.00;1;0.00;800;411;510;1;0;0;1;0;4;4;0.00;0.00;0.00;11.10;18.10;0.00;0.00;13.57;13.92;0.00;0.00;0.00;0.00;2.47;11.10;2.82;11.10;0.00;0.00;0.00;26.40;7.20;0.00;0.00;9.97;9.97;0.00;2.00;1.10;0.00;0.00;4.30;2.20;0.00;0.00;0.00;0.37;1.36;0.00;0.00;1.73;1.73;0;0;0;1;1;0;0;1;1
308;38;4;46.00;1;0.00;800;418;512;1;0;2;1;0;4;8;0.00;0.00;0.00;11.40;18.13;0.00;0.00;14.52;14.57;0.00;0.00;0.00;0.00;3.12;11.40;3.17;11.40;0.00;0.00;0.00;25.68;0.60;0.00;0.00;6.97;6.97;0.00;3.20;1.10;0.00;0.00;5.50;4.10;0.00;0.00;0.00;0.85;1.36;0.00;0.00;1.87;2.21;0;0;0;1;1;0;0;1;1
309;72;3;20.00;1;0.50;700;314;513;1;1;1;2;2;9;4;11.13;11.13;9.02;7.70;12.47;12.43;26.02;12.48;12.02;2.23;10.20;15.82;10.20;2.28;10.20;3.02;9.00;0.37;0.37;6.72;35.17;6.72;5.77;4.57;6.48;6.48;2.30;2.00;0.20;3.20;3.20;5.50;3.30;2.35;1.16;2.72;0.37;1.36;1.73;0.85;2.21;2.21;1;1;1;1;1;1;1;1;1
310;48;7;300.00;1;0.60;845;111;701;0;3;4;5;5;6;6;15.18;15.18;0.00;0.00;0.00;18.40;28.00;18.15;20.37;6.70;11.70;16.30;11.70;4.15;14.00;6.37;14.00;10.80;10.80;0.00;0.00;0.00;3.37;3.37;7.20;7.20;0.00;0.00;0.00;1.30;1.30;1.70;3.00;3.37;0.65;0.00;0.00;0.00;1.63;0.48;1.46;1.05;1;1;0;0;0;1;1;1;1
311;44;6;73.00;0;0.50;730;500;101;1;1;3;2;2;4;4;16.47;16.47;0.00;14.50;16.73;0.00;0.00;0.00;0.00;0.00;0.00;0.00;0.00;0.00;0.00;0.00;0.00;5.40;0.00;0.00;7.80;7.20;0.00;0.00;0.00;0.00;0.00;3.20;0.50;0.00;0.00;0.00;0.00;4.45;1.73;0.00;0.75;2.72;0.00;0.00;0.00;0.00;1;1;0;1;1;0;0;0;0
312;45;3;160.00;0;0.50;740;310;514;0;1;1;2;2;6;1;11.05;11.05;0.00;9.00;13.37;9.97;14.55;0.00;0.00;0.97;9.00;5.55;9.00;0.00;0.00;0.00;0.00;0.00;0.00;0.00;10.80;1.92;3.97;2.77;0.00;0.00;0.00;3.20;0.70;3.20;3.20;0.00;0.00;1.67;0.85;0.00;0.75;1.36;1.56;0.75;0.00;0.00;1;1;0;1;1;1;1;0;0
313;60;5;180.00;0;1.00;730;501;511;0;1;1;3;1;6;4;0.00;11.68;0.00;9.50;12.18;0.00;32.07;11.65;10.93;0.00;0.00;23.57;8.50;2.15;9.50;1.43;9.50;0.00;0.00;0.00;20.17;19.57;0.00;4.32;6.23;10.92;0.00;3.20;0.20;0.00;3.20;3.60;3.40;0.00;1.29;0.00;0.75;1.36;0.00;0.75;1.94;2.11;0;1;0;1;1;0;1;1;1
314;48;5;155.00;1;0.50;830;122;701;1;1;3;1;2;8;6;16.40;16.40;15.42;0.00;36.82;20.93;32.02;16.97;35.20;9.23;11.70;20.32;11.70;2.97;14.00;21.20;14.00;8.40;8.40;10.68;0.00;10.68;5.63;5.63;12.00;12.00;1.00;0.00;2.80;1.30;1.30;2.30;2.90;4.79;0.71;2.04;0.00;0.68;1.50;0.48;1.63;1.05;1;1;1;0;1;1;1;1;1
315;45;5;8.50;0;0.00;700;501;511;1;0;0;2;0;4;5;0.00;0.00;0.00;9.50;14.30;0.00;0.00;11.22;11.02;0.00;0.00;0.00;0.00;1.72;9.50;1.52;9.50;0.00;0.00;0.00;25.32;3.60;0.00;0.00;11.17;11.17;0.00;3.20;0.20;0.00;0.00;3.80;3.40;0.00;0.00;0.00;0.85;1.36;0.00;0.00;2.21;2.21;0;0;0;1;1;0;0;1;1
316;45;3;83.00;1;0.00;830;411;511;1;0;0;2;2;7;4;0.00;14.33;17.48;11.10;23.65;0.00;14.63;13.80;13.90;0.00;0.00;2.73;11.90;1.90;11.90;2.00;11.90;0.00;0.37;6.23;26.63;2.63;0.00;7.32;8.03;8.03;1.30;2.00;1.30;0.00;3.20;4.50;3.40;0.00;1.94;2.72;0.37;1.36;0.00;0.78;2.11;2.11;0;1;1;1;1;0;1;1;1
317;60;5;160.00;1;0.66;815;111;703;1;2;3;2;3;8;9;10.52;10.52;12.98;0.00;24.63;15.70;16.90;15.30;17.30;4.10;11.60;5.30;11.60;3.70;11.60;5.70;11.60;0.00;0.00;13.80;0.00;13.80;5.77;5.77;5.77;5.77;0.60;0.00;0.80;1.30;1.30;1.90;3.00;0.92;0.44;2.04;0.00;0.68;1.43;0.44;1.46;1.22;1;1;1;0;1;1;1;1;1
318;45;2;30.00;1;0.00;830;404;511;1;0;0;2;2;4;5;0.00;0.00;0.00;10.60;18.25;0.00;0.00;12.48;12.68;0.00;0.00;0.00;0.00;1.88;10.60;2.08;10.60;0.00;0.00;0.00;19.08;3.12;0.00;0.00;8.03;8.03;0.00;3.20;0.20;0.00;0.00;4.50;3.40;0.00;0.00;0.00;0.85;1.36;0.00;0.00;1.87;2.21;0;0;0;1;1;0;0;1;1
319;48;3;60.00;1;1.00;810;413;703;0;1;0;2;1;8;9;16.37;16.37;22.88;0.00;33.53;17.48;35.35;18.90;23.80;5.88;11.60;23.75;11.60;7.30;11.60;12.20;11.60;0.00;0.00;3.72;0.00;3.72;5.77;5.77;5.52;5.52;0.80;0.00;1.80;1.30;1.30;2.08;2.00;1.90;0.95;1.70;0.00;0.68;1.87;0.48;1.46;1.05;1;1;1;0;1;1;1;1;1
320;58;5;108.00;1;1.00;805;411;513;1;2;3;1;2;7;1;17.48;17.48;0.00;0.00;18.22;16.23;24.50;16.30;16.77;2.63;13.60;10.90;13.60;2.70;13.60;3.17;13.60;2.40;0.00;0.00;0.00;7.32;4.57;3.37;3.97;3.97;0.00;0.00;0.50;3.20;3.20;4.50;3.40;4.73;1.50;0.00;0.00;1.36;1.84;0.85;1.87;2.21;1;1;0;0;1;1;1;1;1
321;48;5;55.00;1;0.00;815;306;511;1;0;2;1;1;5;5;0.00;0.00;6.00;6.40;8.23;0.00;16.48;0.00;10.12;0.00;0.00;10.08;6.40;0.00;0.00;4.72;5.40;0.00;0.00;6.72;15.83;2.52;0.00;2.40;0.00;3.83;0.40;3.20;0.70;0.00;3.20;0.00;3.50;0.00;0.00;1.36;0.85;1.36;0.00;0.88;0.00;2.21;0;0;1;1;1;0;1;0;1
322;55;2;100.00;1;0.50;930;404;701;1;1;0;1;2;8;1;7.40;7.40;10.13;0.00;17.98;12.03;20.42;10.58;11.08;4.23;7.80;12.62;7.80;2.78;7.80;3.28;7.80;7.20;7.20;3.53;0.00;3.67;3.00;3.00;2.63;2.63;0.50;0.00;0.60;1.30;1.30;1.80;2.10;0.65;0.34;1.70;0.00;0.61;1.22;0.44;1.46;1.05;1;1;1;0;1;1;1;1;1
323;60;5;180.00;0;0.50;820;305;702;0;2;1;3;4;4;4;0.00;5.92;5.67;5.20;13.58;0.00;0.00;0.00;0.00;0.00;0.00;0.00;0.00;0.00;0.00;0.00;0.00;0.00;5.28;2.63;4.68;2.77;0.00;0.00;0.00;0.00;0.30;1.30;0.10;0.00;0.00;0.00;0.00;0.00;0.17;1.70;0.44;0.61;0.00;0.00;0.00;0.00;0;1;1;1;1;0;0;0;0
324;42;6;120.00;1;1.00;750;404;513;1;2;3;2;2;5;4;14.08;14.08;0.00;12.30;13.32;13.43;0.00;0.00;0.00;1.13;12.30;0.00;0.00;0.00;0.00;0.00;0.00;1.80;0.00;0.00;13.20;12.72;4.57;0.00;0.00;0.00;0.00;3.20;0.20;3.20;0.00;0.00;0.00;6.36;1.46;0.00;0.75;1.36;1.67;0.00;0.00;0.00;1;1;0;1;1;1;0;0;0
325;48;5;60.00;1;0.50;750;314;513;1;1;3;1;2;9;4;12.52;12.52;12.22;10.20;12.07;12.52;25.77;11.13;11.63;2.32;10.20;15.57;10.20;2.13;9.00;2.63;9.00;1.80;0.00;6.48;15.60;7.32;4.57;3.37;3.97;3.97;2.30;3.20;0.20;3.20;3.20;5.50;3.30;3.20;1.09;2.72;0.75;1.36;1.53;0.75;2.11;2.11;1;1;1;1;1;1;1;1;1
326;44;3;90.00;0;1.00;750;315;700;0;2;0;2;2;6;9;0.00;18.78;23.77;0.00;34.28;0.00;29.25;19.73;21.20;0.00;0.00;14.15;15.10;4.63;15.10;6.10;15.10;0.00;7.80;5.52;0.00;5.63;0.00;2.52;5.88;4.57;0.80;0.00;0.90;0.00;1.30;2.08;1.50;0.00;0.82;1.70;0.00;0.68;0.00;0.48;1.46;1.12;0;1;1;0;1;0;1;1;1
327;45;2;20.00;0;0.00;710;314;511;1;0;0;2;0;4;4;0.00;0.00;0.00;7.30;9.23;0.00;0.00;9.22;9.62;0.00;0.00;0.00;0.00;1.92;7.30;2.32;7.30;0.00;0.00;0.00;19.08;11.03;0.00;0.00;6.23;6.23;0.00;3.20;0.20;0.00;0.00;3.70;3.30;0.00;0.00;0.00;0.85;1.36;0.00;0.00;2.21;2.21;0;0;0;1;1;0;0;1;1
328;50;3;50.00;1;0.00;825;501;511;0;0;0;2;1;4;5;0.00;0.00;0.00;10.60;18.00;0.00;0.00;12.83;12.25;0.00;0.00;0.00;0.00;2.23;10.60;2.75;9.50;0.00;0.00;0.00;21.72;3.12;0.00;0.00;8.03;8.03;0.00;3.20;0.20;0.00;0.00;3.70;3.40;0.00;0.00;0.00;0.85;1.36;0.00;0.00;2.04;2.21;0;0;0;1;1;0;0;1;1
329;50;6;200.00;1;0.50;830;113;702;1;1;5;2;2;8;6;14.78;14.78;11.87;0.00;29.87;17.32;18.82;17.30;21.47;5.62;11.70;7.12;11.70;4.50;12.80;8.67;12.80;3.00;3.00;7.20;0.00;7.32;3.60;3.60;7.43;7.43;0.60;0.00;0.80;1.30;1.30;1.90;2.10;3.60;0.78;2.04;0.00;0.68;1.70;0.48;1.63;1.05;1;1;1;0;1;1;1;1;1
330;48;5;40.00;1;0.00;730;520;700;1;0;1;3;0;4;5;0.00;0.00;24.63;0.00;41.87;0.00;0.00;24.90;30.40;0.00;0.00;0.00;0.00;9.80;15.10;15.30;15.10;0.00;0.00;9.00;0.00;9.12;0.00;0.00;8.63;8.63;0.50;0.00;1.60;0.00;0.00;1.80;2.60;0.00;0.00;1.70;0.00;0.68;0.00;0.00;1.46;1.12;0;0;1;0;1;0;0;1;1
331;44;2;12.00;1;0.00;640;315;511;1;0;0;1;0;3;5;0.00;0.00;0.00;0.00;13.15;0.00;0.00;11.68;12.35;0.00;0.00;0.00;0.00;4.38;7.30;5.05;7.30;0.00;0.00;0.00;0.00;5.77;0.00;0.00;5.52;5.52;0.00;0.00;1.80;0.00;0.00;3.80;5.00;0.00;0.00;0.00;0.00;1.36;0.00;0.00;2.21;2.21;0;0;0;0;1;0;0;1;1
332;48;3;90.00;0;1.00;815;418;512;1;1;1;1;1;3;5;0.00;0.00;0.00;0.00;18.15;0.00;0.00;14.83;15.02;0.00;0.00;0.00;0.00;3.43;11.40;3.62;11.40;0.00;0.00;0.00;0.00;2.17;0.00;0.00;3.23;3.23;0.00;0.00;1.10;0.00;0.00;3.80;4.10;0.00;0.00;0.00;0.00;1.36;0.00;0.00;2.21;2.21;0;0;0;0;1;0;0;1;1
333;40;1;50.00;1;1.00;830;708;700;1;1;0;1;1;5;4;11.72;11.72;9.12;10.20;20.67;0.00;0.00;0.00;0.00;0.00;0.00;0.00;0.00;0.00;0.00;0.00;0.00;2.52;2.52;3.60;3.00;3.72;0.00;0.00;0.00;0.00;0.30;1.30;0.20;0.00;0.00;0.00;0.00;1.33;0.31;1.70;0.44;0.61;0.00;0.00;0.00;0.00;1;1;1;1;1;0;0;0;0
334;45;3;80.00;1;0.50;825;401;700;1;1;1;2;2;4;4;7.12;0.00;8.67;6.30;15.88;0.00;0.00;0.00;0.00;0.00;0.00;0.00;0.00;0.00;0.00;0.00;0.00;2.40;0.00;5.17;6.60;5.28;0.00;0.00;0.00;0.00;0.80;1.30;0.90;0.00;0.00;0.00;0.00;1.80;0.00;1.70;0.44;0.61;0.00;0.00;0.00;0.00;1;0;1;1;1;0;0;0;0
335;40;3;45.00;0;0.50;800;704;700;0;1;0;3;2;3;4;0.00;0.00;6.67;4.68;10.83;0.00;0.00;0.00;0.00;0.00;0.00;0.00;0.00;0.00;0.00;0.00;0.00;0.00;0.00;2.70;4.32;2.82;0.00;0.00;0.00;0.00;0.20;1.30;0.10;0.00;0.00;0.00;0.00;0.00;0.00;1.70;0.44;0.61;0.00;0.00;0.00;0.00;0;0;1;1;1;0;0;0;0
336;40;2;50.00;0;0.50;800;124;700;1;1;0;2;2;8;7;12.72;12.72;15.37;0.00;20.47;15.22;15.50;16.70;18.10;5.02;10.20;7.90;7.60;1.60;15.10;3.00;15.10;6.00;6.00;6.48;0.00;9.60;4.32;4.32;4.08;4.08;1.50;0.00;4.60;1.30;1.30;2.80;2.10;2.99;0.48;2.04;0.00;0.68;1.53;0.48;1.46;1.05;1;1;1;0;1;1;1;1;1
337;45;4;130.00;0;0.66;800;404;700;1;2;0;2;3;8;6;9.08;9.08;11.60;0.00;20.92;13.52;15.80;10.85;11.22;3.32;10.20;5.60;10.20;1.97;8.88;2.33;8.88;6.00;6.00;5.17;0.00;3.23;4.62;4.62;3.48;3.48;0.80;0.00;0.90;1.30;1.30;2.08;2.10;2.82;0.41;1.70;0.00;0.61;1.05;0.44;1.46;1.05;1;1;1;0;1;1;1;1;1
338;48;5;110.00;1;0.50;735;113;702;1;1;3;1;2;8;1;13.60;13.60;17.33;0.00;33.77;18.83;19.75;20.20;23.30;6.03;12.80;6.95;12.80;7.40;12.80;10.50;12.80;4.43;4.43;4.20;0.00;4.32;5.63;5.63;5.40;5.40;0.60;0.00;1.30;1.30;1.30;1.90;2.10;5.27;0.75;2.04;0.00;0.61;1.77;0.48;1.63;1.05;1;1;1;0;1;1;1;1;1
339;48;6;100.00;1;0.75;800;600;701;0;3;0;2;4;8;1;12.27;12.27;16.23;0.00;28.28;12.57;13.57;13.60;13.10;4.77;7.80;5.77;7.80;4.50;9.10;5.30;7.80;7.08;7.08;5.88;0.00;3.97;4.57;4.57;6.48;4.43;1.00;0.00;1.30;1.30;1.30;2.30;2.10;3.43;0.34;1.53;0.00;0.61;1.43;0.48;1.46;1.05;1;1;1;0;1;1;1;1;1
340;44;4;96.00;1;0.33;820;501;700;1;1;2;1;3;9;4;10.58;10.58;10.33;6.30;17.72;7.30;16.72;10.12;13.40;1.00;6.30;10.42;6.30;2.52;7.60;5.80;7.60;0.00;0.00;1.80;18.48;1.92;2.88;2.88;7.08;7.08;0.50;1.30;0.90;1.30;1.30;1.80;2.80;0.41;0.20;1.70;0.44;0.68;1.22;0.44;1.46;1.05;1;1;1;1;1;1;1;1;1
341;55;4;60.00;1;0.00;810;320;700;1;0;2;1;0;4;8;0.00;0.00;21.62;0.00;38.92;0.00;0.00;21.67;25.27;0.00;0.00;0.00;0.00;6.57;15.10;10.17;15.10;0.00;0.00;3.60;0.00;3.72;0.00;0.00;1.80;3.97;0.60;0.00;1.00;0.00;0.00;1.90;1.90;0.00;0.00;2.04;0.00;0.68;0.00;0.00;1.46;1.05;0;0;1;0;1;0;0;1;1
342;44;5;120.00;1;0.66;730;320;700;1;2;3;1;3;8;1;18.48;18.48;19.93;0.00;31.63;22.10;27.77;21.07;24.82;7.00;15.10;12.67;15.10;5.97;15.10;9.72;15.10;0.00;0.00;3.60;0.00;11.17;2.52;2.52;3.97;3.97;0.60;0.00;1.00;1.30;1.30;1.90;1.90;1.67;0.82;2.04;0.00;0.68;1.77;0.48;1.46;1.12;1;1;1;0;1;1;1;1;1
343;44;2;180.00;1;1.00;815;113;700;1;1;0;2;1;8;1;17.07;17.07;24.62;0.00;40.08;21.85;29.00;22.70;28.72;6.75;15.10;13.90;15.10;7.60;15.10;13.62;15.10;0.00;0.00;5.17;0.00;5.28;2.52;2.52;5.52;5.52;0.60;0.00;1.60;1.30;1.30;1.90;2.10;1.73;0.85;2.04;0.00;0.68;1.77;0.48;1.63;1.05;1;1;1;0;1;1;1;1;1
344;55;4;40.00;0;0.66;810;122;702;1;2;1;3;3;8;3;14.63;14.63;21.32;0.00;36.12;20.22;29.87;21.22;25.72;7.42;12.80;17.07;12.80;8.42;12.80;12.92;12.80;4.43;4.43;4.98;0.00;5.10;7.57;7.57;6.18;6.18;0.60;0.00;1.30;1.30;1.30;1.90;2.90;4.52;0.37;2.04;0.00;0.68;0.78;0.44;1.63;1.05;1;1;1;0;1;1;1;1;1
345;48;4;60.00;0;1.00;840;323;702;1;1;2;1;1;8;2;17.23;18.32;15.17;0.00;28.00;19.02;20.90;18.00;21.00;6.22;12.80;8.10;12.80;5.20;12.80;8.20;12.80;1.20;0.00;4.98;0.00;5.10;5.63;5.63;6.18;6.18;1.00;0.00;0.70;1.30;1.30;2.30;2.00;1.43;0.37;2.04;0.00;0.68;1.39;0.44;1.29;1.05;1;1;1;0;1;1;1;1;1
346;44;5;100.00;1;0.50;800;516;700;1;1;2;2;2;8;1;25.87;25.87;19.78;0.00;36.58;21.83;35.93;21.00;26.40;6.73;15.10;20.83;15.10;5.90;15.10;11.30;15.10;0.00;0.00;4.92;0.00;3.48;2.88;2.88;3.72;10.57;0.50;0.00;1.60;1.30;1.30;1.80;2.30;1.22;0.61;1.70;0.00;0.68;1.56;0.48;1.46;1.05;1;1;1;0;1;1;1;1;1
347;44;4;92.00;0;0.00;815;413;701;0;0;2;2;2;6;3;0.00;20.78;25.82;0.00;36.90;0.00;40.92;21.13;25.97;0.00;0.00;26.92;14.00;7.13;14.00;11.97;14.00;0.00;8.52;11.52;0.00;8.03;0.00;11.03;15.48;15.48;0.80;0.00;3.20;0.00;1.30;2.08;2.00;0.00;0.75;2.04;0.00;0.68;0.00;0.48;1.46;1.09;0;1;1;0;1;0;1;1;1
348;44;9;260.00;1;0.83;810;325;700;0;5;2;4;6;5;8;0.00;25.37;26.18;0.00;45.30;0.00;0.00;25.48;30.43;0.00;0.00;0.00;0.00;10.38;15.10;15.33;15.10;0.00;7.57;2.22;0.00;10.50;0.00;0.00;1.92;1.92;1.00;0.00;4.80;0.00;0.00;2.30;2.60;0.00;0.88;2.04;0.00;0.68;0.00;0.00;1.46;1.12;0;1;1;0;1;0;0;1;1
349;44;3;50.00;1;1.00;810;519;700;1;2;0;2;2;8;1;25.52;25.52;20.57;0.00;38.37;22.03;27.50;21.00;27.50;6.93;15.10;12.40;15.10;5.90;15.10;12.40;15.10;6.00;6.00;8.77;0.00;1.80;2.88;2.88;9.12;8.28;0.50;0.00;1.60;1.30;1.30;1.80;2.60;2.07;0.71;1.70;0.00;0.68;1.73;0.48;1.29;1.05;1;1;1;0;1;1;1;1;1
350;22;2;215.00;0;0.50;820;704;58;0;1;0;2;2;5;1;1.87;1.87;2.72;1.20;5.47;0.00;0.00;0.00;0.00;0.00;0.00;0.00;0.00;0.00;0.00;0.00;0.00;0.00;0.00;5.17;12.23;5.28;0.00;0.00;0.00;0.00;0.20;1.30;0.10;0.00;0.00;0.00;0.00;0.10;0.03;1.70;0.44;0.68;0.00;0.00;0.00;0.00;1;1;1;1;1;0;0;0;0
